{
  "aircraftType": "737 NGX",
  "procedureType": [
    {
      "name": "NORMAL",
      "id": "0",
      "procedure": [
        {
          "name": "Approach",
          "id": "12",
          "complete": "false",
          "section": [
            {
              "name": "",
              "id": "0",
              "item": [
                {
                  "id": "0",
                  "control": "checkbox1",
                  "complete": "false",
                  "text": "Set Passenger Signs",
                  "event": "AS NEEDED",
                  "sim_params": [
                    {
                      "name": "COMM_FastenBeltsSelector",
                      "compare_test" : "or",
                      "expected": 1,
                      "expected_2" : 2
                    }
                  ]
                },
                {
                  "id": "1",
                  "control": "checkbox1",
                  "complete": "false",
                  "manual": "true",
                  "text": "At Transition Level",
                  "event": "SET ALTIMETERS"
                },
                {
                  "id": "2",
                  "control": "checkbox1",
                  "complete": "false",
                  "text": "At 10,000 feet",
                  "event": "LANDING LIGHTS ON",
                  "sim_params": [
                    {
                      "name": "LTS_LandingLtFixedSw_1",
                      "expected": true
                    },
                    {
                      "name": "LTS_LandingLtFixedSw_2",
                      "expected": true
                    }
                  ]
                },
                {
                  "id": "3",
                  "control": "checkbox1",
                  "complete": "false",
                  "manual": "true",
                  "text": "Update Approach briefing.",
                  "event": "AS NEEDED"
                },
                {
                  "id": "4",
                  "control": "navigation",
                  "complete": "false",
                  "visibilityRef": "id:4",
                  "visible": "true",
                  "text": "APPROACH CHECKLIST",
                  "destinationType": "checklist",
                  "destinationTypeName": "NORMAL",
                  "destinationName": "APPROACH"
                }
              ]
            }
          ]
        }
      ]
    }

  ]
}