{
  "aircraftType": "737 NGX",
  "procedureType": [{
    "name": "NORMAL",
    "id": "0",
    "procedure": [{
      "name": "After Landing",
      "id": "16",
      "complete": "false",
      "section": [{
        "name": "",
        "id": "0",
        "item": [{
          "id": "0",
          "control": "checkbox1",
          "complete": "false",
          "manual": "true",
          "text": "SPEED BRAKE lever",
          "event": "DOWN"
        },
          {
            "id": "1",
            "control": "checkbox1",
            "complete": "false",
            "manual": "true",
            "text": "Start the APU",
            "event": "AS NEEDED"
          },
          {
            "id": "2",
            "control": "checkbox1",
            "complete": "false",
            "text": "PROBE HEAT switches",
            "event": "OFF",
            "sim_params": [{
              "name": "ICE_ProbeHeatSw_1",
              "expected": false
            },
              {
                "name": "ICE_ProbeHeatSw_2",
                "expected": false
              }
            ]
          },
          {
            "id": "3",
            "control": "checkbox1",
            "complete": "false",
            "text": "FIXED LANDING light switches",
            "event": "OFF",
            "sim_params": [{
              "name": "LTS_LandingLtFixedSw_1",
              "expected": false
            },
              {
                "name": "LTS_LandingLtFixedSw_2",
                "expected": false
              }
            ]
          },
          {
            "id": "4",
            "control": "checkbox1",
            "complete": "false",
            "text": "TAXI Light",
            "event": "ON",
            "sim_params": [{
              "name": "LTS_TaxiSw",
              "expected": true
            }]
          },
          {
            "id": "5",
            "control": "checkbox1",
            "complete": "false",
            "text": "Set the STROBE light switch",
            "event": "STEADY",
            "sim_params": [{
              "name": "LTS_PositionSw",
              "expected": 0
            }]
          },
          {
            "id": "6",
            "control": "checkbox1",
            "complete": "false",
            "text": "ENGINE START switches",
            "event": "OFF",
            "sim_params": [{
              "name": "ENG_StartSelector_1",
              "expected": 1
            },
              {
                "name": "ENG_StartSelector_2",
                "expected": 1
              }
            ]
          },
          {
            "id": "7",
            "control": "checkbox1",
            "complete": "false",
            "text": "Set AUTO BRAKE select switch",
            "event": "OFF",
            "sim_params": [{
              "name": "MAIN_AutobrakeSelector",
              "expected": 1
            }]
          },
          {
            "id": "8",
            "control": "checkbox1",
            "complete": "false",
            "manual": "true",
            "text": "Flap lever",
            "event": "UP"
          },
          {
            "id": "9",
            "control": "checkbox1",
            "complete": "false",
            "manual": "true",
            "text": "Set transponder mode selector",
            "event": "AS NEEDED"
          }
        ]
      }]
    }]
  }
  ]
}