{
  "aircraftType": "737 NGX",
  "procedureType": [
    {
      "name": "NORMAL",
      "id": "0",
      "procedure": [
        {
          "name": "Before Start",
          "id": "4",
          "complete": "false",
          "section": [
            {
              "name": "",
              "id": "0",
              "item": [
                {
                  "id": "0",
                  "control": "msgcheckbox1",
                  "complete": "false",
                  "text": "Flight Deck Door",
                  "event": "CLOSED AND LOCKED",
                  "msg": [
                    "Verify pedestal FLT DK DOOR Switch is in AUTO position.",
                    "Verify that the LOCK FAIL light is extinguished."
                  ],
                  "sim_params": [
                    {
                      "name": "PED_FltDkDoorSel",
                      "expected" : 1
                    },
                    {
                      "name": "PED_annunLOCK_FAIL",
                      "expected" : false
                    }
                  ]
                },
                {
                  "id": "1",
                  "control": "msgcheckbox1",
                  "complete": "false",
                  "manual" : "true",
                  "text": "CDU Display",
                  "event": "SET",
                  "msg": [
                    "PF selects the TAKEOFF REF page.",
                    "PM selects LEGS page."
                  ]
                },
                {
                  "id": "2",
                  "control": "msgcheckbox1",
                  "complete": "false",
                  "text": "N1 bugs",
                  "event": "CHECK",
                  "manual" : "true",
                  "msg": [
                    "Verify N1 reference bugs are correct."
                  ]
                },
                {
                  "id": "3",
                  "control": "msgcheckbox1",
                  "complete": "false",
                  "text": "IAS bugs",
                  "event": "SET",
                  "manual" : "true",
                  "msg": [
                    "Verify speed bugs are at V1, VR, V2 + 15",
                    "and flaps up maneuvering speed."
                  ]
                },
                {
                  "id": "4",
                  "control": "msgcheckbox1",
                  "complete": "false",
                  "text": "MCP",
                  "event": "SET",
                  "msg": [
                    "AUTOTHROTTLE ARM switch – ARM",
                    "IAS/MACH selector - Set V2",
                    "Arm LNAV as needed",
                    "Arm VNAV",
                    "Initial heading – Set",
                    "Initial altitude – Set"
                  ],
                  "sim_params": [
                    {
                      "name": "MCP_annunATArm",
                      "expected" : true
                    },
                    {
                      "name": "MCP_ATArmSw",
                      "expected" : true
                    },
                    {
                      "name": "MCP_annunVNAV",
                      "expected" : true
                    }
                  ]
                },
                {
                  "id": "5",
                  "control": "checkbox1",
                  "complete": "false",
                  "manual" : "true",
                  "text": "Taxi and Takeoff briefings",
                  "event": "COMPLETE"
                },
                {
                  "id": "6",
                  "control": "checkbox1",
                  "complete": "false",
                  "text": "Exterior Doors",
                  "event": "CLOSED",
                  "sim_params": [
                    {
                      "name": "DOOR_annunFWD_ENTRY",
                      "expected": false
                    },
                    {
                      "name": "DOOR_annunFWD_SERVICE",
                      "expected": false
                    },
                    {
                      "name": "DOOR_annunAIRSTAIR",
                      "expected": false
                    },
                    {
                      "name": "DOOR_annunLEFT_FWD_OVERWING",
                      "expected": false
                    },
                    {
                      "name": "DOOR_annunRIGHT_FWD_OVERWING",
                      "expected": false
                    },
                    {
                      "name": "DOOR_annunFWD_CARGO",
                      "expected": false
                    },
                    {
                      "name": "DOOR_annunEQUIP",
                      "expected": false
                    },
                    {
                      "name": "DOOR_annunLEFT_AFT_OVERWING",
                      "expected": false
                    },
                    {
                      "name": "DOOR_annunRIGHT_AFT_OVERWING",
                      "expected": false
                    },
                    {
                      "name": "DOOR_annunAFT_CARGO",
                      "expected": false
                    },
                    {
                      "name": "DOOR_annunAFT_ENTRY",
                      "expected": false
                    },
                    {
                      "name": "DOOR_annunAFT_SERVICE",
                      "expected": false
                    }
                  ]
                },
                {
                  "id": "7",
                  "control": "checkbox1",
                  "complete": "false",
                  "manual" : "true",
                  "text": "Flight Deck Windows",
                  "event": "CLOSED and LOCKED"
                },
                {
                  "id": "8",
                  "control": "msgcheckbox1",
                  "complete": "false",
                  "text": "Start Clearance",
                  "event": "OBTAIN",
                  "manual" : "true",
                  "msg": [
                    "obtain clearance to pressurize the hydraulic systems,",
                    "Obtain a clearance to start the engines."
                  ]
                },
                {
                  "id": "9",
                  "control": "msgcheckbox1",
                  "complete": "false",
                  "text": "Fuel Panel",
                  "event": "SET",
                  "msg": [
                    "If center tank fuel quantity exceeds 1,000 pounds",
                    "Left and Right CENTER FUEL PUMPS switches - ON",
                    "Verify that the LOW PRESSURE lights illuminate momentarily and then extinguish.",
                    "If LOW PRESSURE light stays ON, turn off the CENTER FUEL PUMPS switch.",
                    "",
                    "AFT and FORWARD FUEL PUMPS switches - ON",
                    "Verify the LOW PRESSURE lights are OFF."
                  ],
                  "sim_params": [
                    {
                      "name": "FUEL_annunLOWPRESS_Fwd_1",
                      "expected": false
                    },
                    {
                      "name": "FUEL_annunLOWPRESS_Fwd_2",
                      "expected": false
                    },
                    {
                      "name": "FUEL_annunLOWPRESS_Aft_1",
                      "expected": false
                    },
                    {
                      "name": "FUEL_annunLOWPRESS_Aft_2",
                      "expected": false
                    },
                    {
                      "name": "FUEL_annunLOWPRESS_Ctr_1",
                      "expected": false
                    },
                    {
                      "name": "FUEL_annunLOWPRESS_Ctr_2",
                      "expected": false
                    }
                  ]
                },
                {
                  "id": "10",
                  "control": "msgcheckbox1",
                  "complete": "false",
                  "text": "Electric HYDRAULIC PUMP switches",
                  "event": "ON",
                  "msg": [
                    "Verify electric pump LOW PRESSURE lights are OFF",
                    "Verify brake pressure is 2,800 psi minimum.",
                    "Verify system A and B pressures are 2,800 psi minimum."
                  ],
                  "sim_params": [
                    {
                      "name": "HYD_PumpSw_elec_1",
                      "expected": true
                    },
                    {
                      "name": "HYD_PumpSw_elec_2",
                      "expected": true
                    },
                    {
                      "name": "HYD_annunLOW_PRESS_elec_1",
                      "expected": false
                    },
                    {
                      "name": "HYD_annunLOW_PRESS_elec_2",
                      "expected": false
                    },
                    {
                      "name": "MAIN_BrakePressNeedle",
                      "expected": 2800.0,
                      "compare_test" : "greaterThanOrEqual"
                    }
                  ]
                },
                {
                  "id": "11",
                  "control": "checkbox1",
                  "complete": "false",
                  "text": "ANTI–COLLISION light switch ",
                  "event": "ON",
                  "sim_params": [
                    {
                      "name": "LTS_AntiCollisionSw",
                      "expected": true
                    }
                  ]
                },
                {
                  "id": "12",
                  "control": "msgcheckbox1",
                  "complete": "false",
                  "text": "TRIM",
                  "event": "SET",
                  "manual" : "true",
                  "msg": [
                    "Check each trim for freedom of movement.",
                    "Set the trim for takeoff.",
                    "Verify trim is in the green band.",
                    "Verify Aileron trim is 0 units",
                    "Verify Rudder trim is 0 units."
                  ]
                },
                {
                  "id": "13",
                  "control": "navigation",
                  "complete": "false",
                  "visibilityRef": "id:13",
                  "visible": "true",
                  "text": "BEFORE START CHECKLIST",
                  "destinationType": "checklist",
                  "destinationTypeName": "NORMAL",
                  "destinationName": "BEFORE START"
                }
              ]
            }
          ]
        }
      ]
    }

  ]
}