{
  "aircraftType": "737 NGX",
  "procedureType": [
    {
      "name": "NORMAL",
      "id": "0",
      "procedure": [
        {
          "name": "Before Takeoff Procedure",
          "id": "8",
          "complete": "false",
          "section": [
            {
              "name": "",
              "id": "0",
              "item": [
                {
                  "id": "0",
                  "control": "msgcheckbox1",
                  "complete": "false",
                  "manual" : "true",
                  "text": "Engine Warm Up",
                  "event": "CHECK",
                  "msg": [
                    "Verify an increase in engine oil temperature before takeoff."
                  ]
                },
                {
                  "id": "1",
                  "control": "msgcheckbox1",
                  "complete": "false",
                  "manual" : "true",
                  "text": "Notify the cabin crew to prepare for takeoff.",
                  "event": " ",
                  "msg": [
                    "Verify that the cabin is secure.",
                    "PF updates changes to the takeoff briefing as needed."
                  ]
                },
                {
                  "id": "2",
                  "control": "checkbox1",
                  "complete": "false",
                  "manual" : "true",
                  "text": "Set weather radar/terrain display",
                  "event": "AS NEEDED"
                },
                {
                  "id": "3",
                  "control": "navigation",
                  "complete": "false",
                  "visibilityRef": "id:3",
                  "visible": "true",
                  "text": "BEFORE TAKEOFF CHECKLIST",
                  "destinationType": "checklist",
                  "destinationTypeName": "NORMAL",
                  "destinationName": "BEFORE TAKEOFF"
                }
              ]
            }
          ]
        }
      ]
    }

  ]
}