{
  "aircraftType": "737 NGX",
  "procedureType": [{
    "name": "NORMAL",
    "id": "0",
    "procedure": [{
      "name": "Before Taxi",
      "id": "7",
      "complete": "false",
      "section": [{
        "name": "",
        "id": "0",
        "item": [{
          "id": "0",
          "control": "checkbox1",
          "complete": "false",
          "text": "GENERATOR 1 and 2 switches",
          "event": "ON",
          "sim_params": [{
            "name": "ELEC_annunSOURCE_OFF_1",
            "expected": false
          },
            {
              "name": "ELEC_annunSOURCE_OFF_2",
              "expected": false
            },
            {
              "name": "ELEC_annunGEN_BUS_OFF_1",
              "expected": false
            },
            {
              "name": "ELEC_annunGEN_BUS_OFF_2",
              "expected": false
            }
          ]
        },
          {
            "id": "1",
            "control": "checkbox1",
            "complete": "false",
            "text": "PROBE HEAT switches",
            "event": "ON",
            "sim_params": [{
              "name": "ICE_ProbeHeatSw_1",
              "expected": true
            },
              {
                "name": "ICE_ProbeHeatSw_2",
                "expected": true
              },
              {
                "name": "ICE_annunCAPT_PITOT",
                "expected": false
              },
              {
                "name": "ICE_annunL_ELEV_PITOT",
                "expected": false
              },
              {
                "name": "ICE_annunL_ALPHA_VANE",
                "expected": false
              },
              {
                "name": "ICE_annunL_TEMP_PROBE",
                "expected": false
              },
              {
                "name": "ICE_annunFO_PITOT",
                "expected": false
              },
              {
                "name": "ICE_annunR_ELEV_PITOT",
                "expected": false
              },
              {
                "name": "ICE_annunR_ALPHA_VANE",
                "expected": false
              },
              {
                "name": "ICE_annunAUX_PITOT",
                "expected": false
              }
            ]
          },
          {
            "id": "2",
            "control": "checkbox1",
            "complete": "false",
            "manual": "true",
            "text": "WING ANTI–ICE switch",
            "event": "AS NEEDED"
          },
          {
            "id": "3",
            "control": "checkbox1",
            "complete": "false",
            "manual": "true",
            "text": "ENGINE ANTI–ICE switch",
            "event": "AS NEEDED"
          },
          {
            "id": "4",
            "control": "checkbox1",
            "complete": "false",
            "text": "PACKS switches",
            "event": "AUTO",
            "sim_params": [
              {
              "name": "AIR_PackSwitch_1",
              "expected": 1
              },
              {
                "name": "AIR_PackSwitch_2",
                "expected": 1
              }
            ]
          },
          {
            "id": "5",
            "control": "checkbox1",
            "complete": "false",
            "text": "ISOLATION VALVE switch",
            "event": "AUTO",
            "sim_params": [
              {
              "name": "AIR_IsolationValveSwitch",
              "expected": 1
              }
            ]
          },
          {
            "id": "6",
            "control": "checkbox1",
            "complete": "false",
            "text": "APU BLEED air switch",
            "event": "OFF",
            "sim_params": [{
              "name": "AIR_APUBleedAirSwitch",
              "expected": false
            },
              {
                "name": "AIR_annunDualBleed",
                "expected": false
              }
            ]
          },
          {
            "id": "7",
            "control": "checkbox1",
            "complete": "false",
            "text": "ENGINE START switches",
            "event": "CONT",
            "sim_params": [{
              "name": "ENG_StartSelector_1",
              "expected": 2
            },
              {
                "name": "ENG_StartSelector_2",
                "expected": 2
              }
            ]
          },
          {
            "id": "8",
            "control": "msgcheckbox1",
            "complete": "false",
            "text": "Engine start levers",
            "event": "IDLE",
            "msg": [
              "Verify that the ground equipment is clear.",
              "Call ''FLAPS ___'' as needed for takeoff."
            ],

            "sim_params": [{
              "name": "ENG_StartValve_1",
              "expected": true
            },
              {
                "name": "ENG_StartValve_2",
                "expected": true
              }
            ]
          },
          {
            "id": "9",
            "control": "msgcheckbox1",
            "complete": "false",
            "text": "Flap lever",
            "event": "SET takeoff flaps",
            "msg": [
              "Verify that the LE FLAPS EXT green light is illuminated."
            ],

            "sim_params": [{
              "name": "MAIN_annunLE_FLAPS_EXT",
              "expected": true
            }]
          },
          {
            "id": "10",
            "control": "checkbox1",
            "complete": "false",
            "manual": "true",
            "text": "Flight controls",
            "event": "CHECK"
          },
          {
            "id": "11",
            "control": "checkbox1",
            "complete": "false",
            "manual": "true",
            "text": "Lower Display unit",
            "event": "BLANK"
          },
          {
            "id": "12",
            "control": "checkbox1",
            "complete": "false",
            "manual": "true",
            "text": "Transponder",
            "event": "AS NEEDED"
          },
          {
            "id": "13",
            "control": "msgcheckbox1",
            "complete": "false",
            "text": "RECALL",
            "event": "CHECK",
            "msg": [
              "Verify all system annunciator panel lights are OFF."
            ],

            "sim_params": [{
              "name": "WARN_annunFLT_CONT",
              "expected": false
            },
              {
                "name": "WARN_annunIRS",
                "expected": false
              },
              {
                "name": "WARN_annunFUEL",
                "expected": false
              },
              {
                "name": "WARN_annunELEC",
                "expected": false
              },
              {
                "name": "WARN_annunAPU",
                "expected": false
              },
              {
                "name": "WARN_annunOVHT_DET",
                "expected": false
              },
              {
                "name": "WARN_annunANTI_ICE",
                "expected": false
              },
              {
                "name": "WARN_annunHYD",
                "expected": false
              },
              {
                "name": "WARN_annunDOORS",
                "expected": false
              },
              {
                "name": "WARN_annunENG",
                "expected": false
              },
              {
                "name": "WARN_annunOVERHEAD",
                "expected": false
              },
              {
                "name": "WARN_annunAIR_COND",
                "expected": false
              }
            ]
          },
          {
            "id": "14",
            "control": "checkbox1",
            "complete": "false",
            "manual": "true",
            "text": "Update changes to the Taxi briefing.",
            "event": "AS NEEDED"
          },
          {
            "id": "15",
            "control": "checkbox1",
            "complete": "false",
            "text": "TAXI Light",
            "event": "ON",
            "sim_params": [{
              "name": "LTS_TaxiSw",
              "expected": true
            }]
          },
          {
            "id": "16",
            "control": "navigation",
            "complete": "false",
            "visibilityRef": "id:16",
            "visible": "true",
            "text": "BEFORE TAXI CHECKLIST",
            "destinationType": "checklist",
            "destinationTypeName": "NORMAL",
            "destinationName": "BEFORE TAXI"
          }
        ]
      }]
    }]
  }]
}