{
  "aircraftType": "737 NGX",
  "procedureType": [
    {
      "name": "NORMAL",
      "id": "0",
      "procedure": [

        {
          "name": "CDU Preflight",
          "id": "1",
          "complete": "false",
          "section": [
            {
              "name": "",
              "id": "0",

              "item": [
                {
                  "id": "0",
                  "control": "msg1",
                  "complete": "false",
                  "manual" : "true",
                  "text": "IDENT Page",
                  "msg": [
                    "Verify MODEL is correct.",
                    "Verify ENG RATING is correct.",
                    "Verify nav data base ACTIVE date range."
                  ]
                },
                {
                  "id": "1",
                  "control": "msg1",
                  "complete": "false",
                  "manual" : "true",
                  "text": "POS INIT page",
                  "msg": [
                    "Verify time is correct.",
                    "SET IRS POS"
                  ]
                },
                {
                  "id": "2",
                  "control": "msg1",
                  "complete": "false",
                  "manual" : "true",
                  "text": "ROUTE page",
                  "msg": [
                    "Enter ORIGIN.",
                    "Enter route.",
                    "Enter FLIGHT NUMBER.",
                    "Activate and execute route."
                  ]
                },
                {
                  "id": "3",
                  "control": "msg1",
                  "complete": "false",
                  "manual" : "true",
                  "text": "DEPARTURE page",
                  "msg": [
                    "Select runway and departure routing.",
                    "Execute runway and departure routing."
                  ]
                },
                {
                  "id": "4",
                  "control": "msg1",
                  "complete": "false",
                  "manual" : "true",
                  "text": "LEGS page",
                  "msg": [
                    "Verify or enter the correct RNP for the departure.",
                    "Verify the route is correct on the RTE page.",
                    "Verify the LEGS pages agree with the flight plan."
                  ]
                },
                {
                  "id": "5",
                  "control": "msg1",
                  "complete": "false",
                  "manual" : "true",
                  "text": "PREF INIT page",
                  "msg": [
                    "Enter ZFW.",
                    "Verify Fuel on CDU, dispatch papers, and the fuel quantity indicators.",
                    "Verify GW and CRZ CG agree with dispatch papers.",
                    "Verify thrust mode display  TO (Aspirated TAT ) else dashes "
                  ]
                },
                {
                  "id": "6",
                  "control": "msg1",
                  "complete": "false",
                  "manual" : "true",
                  "text": "N1 LIMIT page",
                  "msg": [
                    "Select assumed temperature, or fixed derated takeoff, or both.",
                    "Select full or derated climb thrust."
                  ]
                },
                {
                  "id": "7",
                  "control": "msg1",
                  "complete": "false",
                  "manual" : "true",
                  "text": "TAKEOFF REF page",
                  "msg": [
                    "Make data entries on page 2/2 before page 1/2.",
                    "Verify or enter an acceleration height",
                    "Verify or enter an engine out acceleration height.",
                    "Verify or enter a thrust reduction altitude.",
                    "Enter RW WIND.",
                    "Enter CG.",
                    "Verify a trim value is shown.",
                    "Select or enter takeoff V speeds.",
                    "Verify preflight is complete."
                  ]
                }
              ]
            }
          ]
        }
      ]
    }
  ]
}