{
  "aircraftType": "737 NGX",
  "procedureType": [
    {
      "name": "NORMAL",
      "id": "0",
      "procedure": [
        {
          "name": "Climb and Cruise",
          "id": "10",
          "complete": "false",
          "section": [
            {
              "name": "",
              "id": "0",
              "item": [
                {
                  "id": "0",
                  "control": "checkbox1",
                  "complete": "false",
                  "text": "At or above 10,000 feet",
                  "event": "LANDING LIGHTS OFF",
                  "sim_params": [
                    {
                      "name": "LTS_LandingLtFixedSw_1",
                      "expected": false
                    },
                    {
                      "name": "LTS_LandingLtFixedSw_2",
                      "expected": false
                    }
                  ]
                },
                {
                  "id": "1",
                  "control": "checkbox1",
                  "complete": "false",
                  "manual": "true",
                  "text": "Passenger Signs",
                  "event": "AS NEEDED"
                },
                {
                  "id": "2",
                  "control": "checkbox1",
                  "complete": "false",
                  "text": "At Transition Altitude, Set Altimeters",
                  "event": "STANDARD",
                  "sim_params": [
                    {
                      "name": "EFIS_BaroSelHPA_1",
                      "expected": false
                    },
                    {
                      "name": "EFIS_BaroSelHPA_2",
                      "expected": false
                    }
                  ]
                },
                {
                  "id": "3",
                  "control": "checkbox1",
                  "complete": "false",
                  "manual": "true",
                  "text": "Center Tank LOW PRESSURE light ON.",
                  "event": "Turn OFF  Fuel Pump"
                },
                {
                  "id": "4",
                  "control": "msgcheckbox1",
                  "complete": "false",
                  "manual": "true",
                  "text": "Before the top of descent",
                  "event": " ",
                  "msg": [
                    "Modify the active route as needed for the arrival and approach.",
                    "Verify RNP for arrival."
                  ]
                }
              ]
            }
          ]
        }
      ]
    }

  ]
}