{
  "aircraftType": "737 NGX",
  "procedureType": [
    {
      "name": "NORMAL",
      "id": "0",
      "procedure": [
        {
          "name": "Descent",
          "id": "11",
          "complete": "false",
          "section": [
            {
              "name": "",
              "id": "0",
              "item": [
                {
                  "id": "0",
                  "control": "checkbox1",
                  "complete": "false",
                  "manual": "true",
                  "text": "Verify pressurization is set to",
                  "event": "landing altitude"
                },
                {
                  "id": "1",
                  "control": "checkbox1",
                  "complete": "false",
                  "manual": "true",
                  "text": "Press RECALL",
                  "event": "Review Annunciator lights"
                },
                {
                  "id": "2",
                  "control": "checkbox1",
                  "complete": "false",
                  "manual": "true",
                  "text": "APPROACH REF page",
                  "event": "Enter VREF"
                },
                {
                  "id": "3",
                  "control": "checkbox1",
                  "complete": "false",
                  "manual": "true",
                  "text": "Minimums",
                  "event": "SET"
                },
                {
                  "id": "4",
                  "control": "checkbox1",
                  "complete": "false",
                  "manual": "true",
                  "text": "Navigation Radio and Course",
                  "event": "SET"
                },
                {
                  "id": "5",
                  "control": "checkbox1",
                  "complete": "false",
                  "manual": "true",
                  "text": "AUTO BRAKE select switch",
                  "event": "SET"
                },
                {
                  "id": "6",
                  "control": "checkbox1",
                  "complete": "false",
                  "manual": "true",
                  "text": "Approach Briefing",
                  "event": "COMPLETED"
                },
                {
                  "id": "7",
                  "control": "navigation",
                  "complete": "false",
                  "visibilityRef": "id:7",
                  "visible": "true",
                  "text": "DESCENT CHECKLIST",
                  "destinationType": "checklist",
                  "destinationTypeName": "NORMAL",
                  "destinationName": "DESCENT"
                }
              ]
            }
          ]
        }
      ]
    }

  ]
}