{
  "aircraftType": "737 NGX",
  "procedureType": [
    {
      "name": "NORMAL",
      "id": "0",
      "procedure": [
        {
          "name": "Engine Start",
          "id": "6",
          "complete": "false",
          "section": [
            {
              "name": "",
              "id": "0",
              "item": [
                {
                  "id": "0",
                  "control": "checkbox1",
                  "complete": "false",
                  "manual" : "true",
                  "text": "Select the secondary engine indications.",
                  "event": " "
                },
                {
                  "id": "1",
                  "control": "checkbox1",
                  "complete": "false",
                  "text": "Air conditioning PACK switches",
                  "event": "OFF",
                  "sim_params": [
                    {
                      "name": "AIR_PackSwitch_1",
                      "expected" : 0
                    },
                    {
                      "name": "AIR_PackSwitch_2",
                      "expected" : 0
                    }
                  ]
                },
                {
                  "id": "2",
                  "control": "checkbox1",
                  "complete": "false",
                  "manual" : "true",
                  "text": "Call START",
                  "event": "ENGINE #2"
                },
                {
                  "id": "3",
                  "control": "msgcheckbox1",
                  "complete": "false",
                  "text": "ENGINE #2 START switch",
                  "event": "GND",
                  "msg": [
                    "Verify that the N2 RPM increases.",
                    "Wait for N2 to reach 25%."
                  ],
                  "sim_params": [
                    {
                      "name": "ENG_StartSelector_2",
                      "expected" : 0
                    }
                  ]
                },
                {
                  "id": "4",
                  "control": "checkbox1",
                  "complete": "false",
                  "text": "Engine start lever",
                  "event": "IDLE",
                  "sim_params": [
                    {
                      "name": "ENG_StartValve_2",
                      "expected" : true
                    }
                  ]
                },
                {
                  "id": "5",
                  "control": "checkbox1",
                  "complete": "false",
                  "manual" : "true",
                  "text": "Monitor fuel flow and EGT indications.",
                  "event": " "
                },
                {
                  "id": "6",
                  "control": "msgcheckbox1",
                  "complete": "false",
                  "manual" : "true",
                  "text": "At 56% N2, verify that the ENGINE START switch moves to",
                  "event": "OFF",
                  "msg": [
                    "Verify that the START VALVE OPEN alert is OFF.",
                    "Call “STARTER CUTOUT",
                    "Monitor N1, N2, EGT, fuel flow and oil pressure for normal indications.",
                    "After the engine is stable: Start Engine #1"
                  ]
                },
                {
                  "id": "7",
                  "control": "checkbox1",
                  "complete": "false",
                  "manual" : "true",
                  "text": "Call START",
                  "event": "ENGINE #1"
                },
                {
                  "id": "8",
                  "control": "msgcheckbox1",
                  "complete": "false",
                  "text": "ENGINE #1 START switch",
                  "event": "GND",
                  "msg": [
                    "Verify that the N2 RPM increases.",
                    "Wait for N2 to reach 25%."
                  ],
                  "sim_params": [
                    {
                      "name": "ENG_StartSelector_1",
                      "expected" : 0
                    }
                  ]
                },
                {
                  "id": "9",
                  "control": "checkbox1",
                  "complete": "false",
                  "text": "Engine start lever",
                  "event": "IDLE",
                  "sim_params": [
                    {
                      "name": "ENG_StartValve_1",
                      "expected" : true
                    }
                  ]
                },
                {
                  "id": "10",
                  "control": "checkbox1",
                  "complete": "false",
                  "manual" : "true",
                  "text": "Monitor fuel flow and EGT indications.",
                  "event": " "
                },
                {
                  "id": "11",
                  "control": "msgcheckbox1",
                  "complete": "false",
                  "manual" : "true",
                  "text": "At 56% N2, verify that the ENGINE START switch moves to",
                  "event": "OFF",
                  "msg": [
                    "Verify that the START VALVE OPEN alert is OFF.",
                    "Call “STARTER CUTOUT",
                    "Monitor N1, N2, EGT, fuel flow and oil pressure for normal indications."
                  ]
                }
              ]
            }
          ]
        }
      ]
    }

  ]
}