{
  "aircraftType": "737 NGX",
  "procedureType": [
    {
      "name": "SUPPLEMENTARY",
      "id": "1",
      "procedure": [
{
          "name": "Electrical Power-Up",
          "id": "0",
          "complete": "false",
          "section": [
            {
              "name": "",
              "id": "0",
              "item": [
                {
                  "id": "0",
                  "control": "checkbox1",
                  "complete": "false",
                  "text": "DC METER SELECTOR",
                  "event": "BAT",
                  "sim_params": [
                    {
                      "name": "ELEC_DCMeterSelector",
                      "expected": 2
                    }
                  ]
                },
                {
                  "id": "1",
                  "control": "checkbox1",
                  "complete": "false",
                  "text": "BATTERY",
                  "event": "GUARD CLOSED",
                  "sim_params": [
                    {
                      "name": "ELEC_BatSelector",
                      "expected": 1
                    }
                  ]
                },
                {
                  "id": "2",
                  "control": "checkbox1",
                  "complete": "false",
                  "text": "STANDBY POWER",
                  "event": "GUARD CLOSED",
                  "sim_params": [
                    {
                      "name": "ELEC_StandbyPowerSelector",
                      "expected": 2
                    }
                  ]
                },
                {
                  "id": "3",
                  "control": "checkbox1",
                  "complete": "false",
                  "text": "ALTERNATE FLAPS",
                  "event": "GUARD CLOSED",
                  "sim_params": [
                    {
                      "name": "FCTL_AltnFlaps_Sw_ARM",
                      "expected": false
                    }
                  ]
                },
                {
                  "id": "4",
                  "control": "checkbox1",
                  "complete": "false",
                  "text": "WIPERS",
                  "event": "PARK",
                  "sim_params": [
                    {
                      "name": "OH_WiperLSelector",
                      "expected": 0
                    },
                    {
                      "name": "OH_WiperRSelector",
                      "expected": 0
                    }
                  ]
                },
                {
                  "id": "5",
                  "control": "checkbox1",
                  "complete": "false",
                  "text": "ELECTRIC HYDRAULIC PUMPS",
                  "event": "OFF",
                  "sim_params": [
                    {
                      "name": "HYD_PumpSw_elec_1",
                      "expected": false
                    },
                    {
                      "name": "HYD_PumpSw_elec_2",
                      "expected": false
                    }
                  ]
                },
                {
                  "id": "6",
                  "control": "msgcheckbox1",
                  "complete": "false",
                  "text": "LANDING GEAR",
                  "event": "DOWN",
                  "msg": [
                    "Verify green landing gear lights are on",
                    "Verify red landing gear lights are off"
                  ],
                  "sim_params": [
                    {
                      "name": "MAIN_GearLever",
                      "expected": 2
                    },
                    {
                      "name": "ELEC_BatSelector",
                      "expected": 1
                    },
                    {
                      "name": "MAIN_annunGEAR_locked_1",
                      "expected": true
                    },
                    {
                      "name": "MAIN_annunGEAR_locked_2",
                      "expected": true
                    },
                    {
                      "name": "MAIN_annunGEAR_locked_3",
                      "expected": true
                    },
                    {
                      "name": "MAIN_annunGEAR_transit_1",
                      "expected": false
                    },
                    {
                      "name": "MAIN_annunGEAR_transit_2",
                      "expected": false
                    },
                    {
                      "name": "MAIN_annunGEAR_transit_3",
                      "expected": false
                    }
                  ]
                },
                {
                  "id": "7",
                  "control": "switch",
                  "state": "true",
                  "text": "USE GROUND POWER",
                  "msgVisible": "true",
                  "msg": "Verify GRD POWER AVAILABLE light is illuminated"
                },
                {
                  "id": "8",
                  "control": "msgcheckbox2",
                  "complete": "false",
                  "visibilityRef": "id:7",
                  "visible": "true",
                  "text": "GND POWER",
                  "event": "ON",
                  "msg": [
                    "Verify SOURCE OFF lights are off",
                    "Verify TRANSFER BUS OFF lights are off",
                    "Verify STANDBY PWR OFF light is off"
                  ],
                  "sim_params": [
                    {
                      "name": "ELEC_GrdPwrSw",
                      "expected": true
                    },
                    {
                      "name": "ELEC_annunGRD_POWER_AVAILABLE",
                      "expected": true
                    },
                    {
                      "name": "ELEC_BatSelector",
                      "expected": 1
                    },
                    {
                      "name": "ELEC_annunSOURCE_OFF_1",
                      "expected": false
                    },
                    {
                      "name": "ELEC_annunSOURCE_OFF_2",
                      "expected": false
                    },
                    {
                      "name": "ELEC_annunTRANSFER_BUS_OFF_1",
                      "expected": false
                    },
                    {
                      "name": "ELEC_annunTRANSFER_BUS_OFF_2",
                      "expected": false
                    },
                    {
                      "name": "ELEC_annunSTANDBY_POWER_OFF",
                      "expected": false
                    }
                  ]
                },
                {
                  "id": "9",
                  "control": "checkbox1",
                  "complete": "false",
                  "text": "POSITION LIGHTS",
                  "event": "STEADY",
                  "sim_params": [
                    {
                      "name": "LTS_PositionSw",
                      "expected": 0
                    }
                  ]
                }
              ]
            }
          ]
        }
      ]
    }

  ]
}