{
  "aircraftType": "737 NGX",
  "procedureType": [
    {
      "name": "NORMAL",
      "id": "0",
      "procedure": [
 {
          "name": "Landing Roll",
          "id": "15",
          "complete": "false",
          "section": [
            {
              "name": "",
              "id": "0",
              "item": [
                {
                  "id": "0",
                  "control": "checkbox1",
                  "complete": "false",
                  "manual" : "true",
                  "text": "Verify Thrust Levers are",
                  "event": "CLOSED"
                },
                {
                  "id": "1",
                  "control": "checkbox1",
                  "complete": "false",
                  "manual" : "true",
                  "text": "Verify SPEED BRAKE lever",
                  "event": "UP"
                },
                {
                  "id": "2",
                  "control": "msgcheckbox1",
                  "complete": "false",
                  "manual" : "true",
                  "text": "Monitor the rollout progress.",
                  "event": "",
                  "msg": [
                    "Verify correct Autobrake operation."
                   ]
                },
                {
                  "id": "3",
                  "control": "msgcheckbox1",
                  "complete": "false",
                  "manual" : "true",
                  "text": "Move the Reverse Thrust Levers to",
                  "event": "INTERLOCKS",
                  "msg": [
                    "Hold light pressure until the interlocks release.",
                    "Apply reverse thrust as needed."
                  ]
                },
                {
                  "id": "4",
                  "control": "msgcheckbox1",
                  "complete": "false",
                  "manual" : "true",
                  "text": "By 60 knots, Move Reverse Thrust Levers",
                  "event": "IDLE DETENT",
                  "msg": [
                    "After the engines are at reverse idle, move the reverse thrust levers full down."
                  ]
                },
                {
                  "id": "5",
                  "control": "msgcheckbox1",
                  "complete": "false",
                  "manual" : "true",
                  "text": "Before taxi speed",
                  "event": "DISARM AUTOBRAKE",
                  "msg": [
                    "Use manual braking as needed."
                  ]
                },
                {
                  "id": "6",
                  "control": "checkbox1",
                  "complete": "false",
                  "manual" : "true",
                  "text": "Before turning off the runway",
                  "event": "Disconnect Autopilot"
                }
              ]
            }
          ]
        }
      ]
    }

  ]
}