{
  "aircraftType": "737 NGX",
  "procedureType": [
    {
      "name": "NORMAL",
      "id": "0",
      "procedure": [
{
          "name": "Landing",
          "id": "13",
          "complete": "false",
          "section": [
            {
              "name": "",
              "id": "0",
              "item": [
                {
                  "id": "0",
                  "control": "msgcheckbox1",
                  "complete": "false",
                  "manual" : "true",
                  "text": "Notify the cabin crew to prepare for landing.",
                  "event": " ",
                  "msg": [
                    "Verify that the cabin is secure."
                  ]
                },
                {
                  "id": "1",
                  "control": "msgcheckbox1",
                  "complete": "false",
                  "manual" : "true",
                  "text": "FLAP EXTENSION",
                  "event": "START",
                  "msg": [
                    ""
                  ]
                },
                {
                  "id": "2",
                  "control": "msgcheckbox1",
                  "complete": "false",
                  "manual" : "true",
                  "text": "When on Localizer intercept heading",
                  "event": "",
                  "msg": [
                    "Verify ILS is tuned and identified.",
                    "Verify LOC and G/S pointers are shown."
                  ]
                },
                {
                  "id": "3",
                  "control": "msgcheckbox1",
                  "complete": "false",
                  "text": "APP Mode",
                  "event": "ARM",
                  "msg": [
                    "Engage the other autopilot."
                  ],
                  "sim_params": [
                    {
                      "name": "MAIN_AutobrakeSelector",
                      "expected": true
                    }
                  ]
                },
                {
                  "id": "4",
                  "control": "msgcheckbox1",
                  "complete": "false",
                  "manual" : "true",
                  "text": "Use HDG SEL to intercept the final approach course",
                  "event": "AS NEEDED",
                  "msg": [
                    "Verify Localizer is captured."
                  ]
                },
                {
                  "id": "5",
                  "control": "msgcheckbox1",
                  "complete": "false",
                  "text": "At glide slope alive",
                  "event": "GEAR DOWN,  FLAPS 15",
                  "msg": [
                    "Verify green landing gear lights are ON."
                  ]
                },
                {
                  "id": "6",
                  "control": "checkbox1",
                  "complete": "false",
                  "text": "ENGINE START switches",
                  "event": "CONT",
                  "sim_params": [{
                    "name": "ENG_StartSelector_1",
                    "expected": 2
                  },
                    {
                      "name": "ENG_StartSelector_2",
                      "expected": 2
                    }
                  ]
                },
                {
                  "id": "7",
                  "control": "msgcheckbox1",
                  "complete": "false",
                  "text": "SPEED BRAKE",
                  "event": "ARM",
                  "msg": [
                    "Verify SPEED BRAKE ARMED light is ON."
                  ],
                  "sim_params": [{
                    "name": "MAIN_annunSPEEDBRAKE_ARMED",
                    "expected": true
                  }
                  ]
                },
                {
                  "id": "8",
                  "control": "checkbox1",
                  "complete": "false",
                  "manual" : "true",
                  "text": "At glide slope capture",
                  "event": "SET FLAPS"
                },
                {
                  "id": "9",
                  "control": "checkbox1",
                  "complete": "false",
                  "manual" : "true",
                  "text": "SET missed approach altitude MCP",
                  "event": ""
                },
                {
                  "id": "10",
                  "control": "navigation",
                  "complete": "false",
                  "visibilityRef": "id:10",
                  "visible": "true",
                  "text": "LANDING CHECKLIST",
                  "destinationType": "checklist",
                  "destinationTypeName": "NORMAL",
                  "destinationName": "LANDING"
                },
                {
                  "id": "11",
                  "control": "msgcheckbox1",
                  "complete": "false",
                  "manual" : "true",
                  "text": "At final APPROACH",
                  "event": "Verify Crossing Altitude",
                  "msg": [
                    "Monitor Approach",
                    "Verify Autoland status at 500 feet radio altitude."
                  ]
                }
              ]
            }
          ]
        }
      ]
    }

  ]
}