{
  "aircraftType": "737 NGX",
  "procedureType": [
    {
      "name": "NORMAL",
      "id": "0",
      "procedure": [
        {
          "name": "PushBack",
          "id": "5",
          "complete": "false",
          "section": [
            {
              "name": "",
              "id": "0",
              "item": [
                {
                  "id": "0",
                  "control": "msgcheckbox1",
                  "complete": "false",
                  "text": "Establish communications with ground handling personnel.",
                  "event": "",
                  "manual" : "true",
                  "msg": [
                    "Set or release the parking brake as directed by ground handling personnel.",
                    "Set the trim for takeoff.",
                    "Verify that the tow bar is disconnected.",
                    "Verify that the nose gear steering lockout pin is removed."
                  ]
                }
              ]
            }
          ]
        }
      ]
    }

  ]
}