{
  "aircraftType": "737 NGX",
  "procedureType": [
    {
      "name": "NORMAL",
      "id": "0",
      "procedure": [
        {
          "name": "Preflight Captain's",
          "id": "3",
          "complete": "false",
          "section": [
            {
              "name": "LIGHTS",
              "id": "0",
              "item": [
                {
                  "id": "0",
                  "control": "msg1",
                  "complete": "false",
                  "manual" : "true",
                  "text": "MASTER LIGHTS TEST and DIM switch TEST",
                  "msg": ["Use scan flow to verify all lights are flashing or on",
                    "Verify that all system annunciator panel lights are on"
                  ]
                },
                {
                  "id": "1",
                  "control": "checkbox1",
                  "complete": "false",
                  "manual" : "true",
                  "text": "MASTER LIGHTS TEST",
                  "event": "AS NEEDED"
                }
              ]
            },
            {
              "name": "EFIS CONTROL PANEL",
              "id": "1",
              "item": [
                {
                  "id": "0",
                  "control": "checkbox1",
                  "complete": "false",
                  "manual" : "true",
                  "text": "MINIMUMS reference selector ",
                  "event": "RADIO or BARO"
                },
                {
                  "id": "1",
                  "control": "checkbox1",
                  "complete": "false",
                  "manual" : "true",
                  "text": "MINIMUMS selector",
                  "event": "DH or ALT REF"
                },
                {
                  "id": "2",
                  "control": "checkbox1",
                  "complete": "false",
                  "manual" : "true",
                  "text": "METERS switch",
                  "event": "AS NEEDED"
                },
                {
                  "id": "3",
                  "control": "checkbox1",
                  "complete": "false",
                  "manual" : "true",
                  "text": "BAROMETRIC reference selector",
                  "event": "IN or HPA"
                },
                {
                  "id": "4",
                  "control": "checkbox1",
                  "complete": "false",
                  "manual" : "true",
                  "text": "BAROMETRIC selector",
                  "event": "Set Local Altimeter"
                },
                {
                  "id": "5",
                  "control": "checkbox1",
                  "complete": "false",
                  "manual" : "true",
                  "text": "VOR/ADF switches",
                  "event": "AS NEEDED"
                },
                {
                  "id": "6",
                  "control": "checkbox1",
                  "complete": "false",
                  "text": "MODE selector",
                  "event": "MAP",
                  "sim_params": [
                    {
                      "name": "EFIS_ModeSel_1",
                      "expected": 2
                    }
                  ]
                },
                {
                  "id": "7",
                  "control": "checkbox1",
                  "complete": "false",
                  "manual" : "true",
                  "text": "CENTER switch",
                  "event": "AS NEEDED"
                },
                {
                  "id": "8",
                  "control": "checkbox1",
                  "complete": "false",
                  "manual" : "true",
                  "text": "RANGE selector",
                  "event": "AS NEEDED"
                },
                {
                  "id": "9",
                  "control": "checkbox1",
                  "complete": "false",
                  "manual" : "true",
                  "text": "TRAFFIC switch",
                  "event": "AS NEEDED"
                },
                {
                  "id": "10",
                  "control": "msgcheckbox1",
                  "complete": "false",
                  "manual" : "true",
                  "text": "WEATHER RADAR ",
                  "event": "OFF",
                  "msg": [ "Verify weather radar indications are not shown on the MAP" ]
                },
                {
                  "id": "11",
                  "control": "checkbox1",
                  "complete": "false",
                  "manual" : "true",
                  "text": "Map switches",
                  "event": "AS NEEDED"
                }
              ]
            },
            {
              "name": "MODE CONTROL PANEL",
              "id": "2",
              "item": [
                {
                  "id": "0",
                  "control": "checkbox1",
                  "complete": "false",
                  "manual" : "true",
                  "text": "COURSE(S)",
                  "event": "SET"
                },
                {
                  "id": "1",
                  "control": "msgcheckbox1",
                  "complete": "false",
                  "text": "FLIGHT DIRECTOR switch",
                  "event": "ON",
                  "msg": [
                    "Move the switch for the pilot flying to ON first"
                  ],
                  "sim_params": [
                    {
                      "name": "MCP_FDSw_1",
                      "expected": true
                    },
                    {
                      "name": "MCP_FDSw_2",
                      "expected": true
                    }
                  ]
                },
                {
                  "id": "2",
                  "control": "checkbox1",
                  "complete": "false",
                  "manual" : "true",
                  "text": "BANK ANGLE selector",
                  "event": "AS NEEDED"
                },
                {
                  "id": "3",
                  "control": "checkbox1",
                  "complete": "false",
                  "text": "Autopilot DISENGAGE bar",
                  "event": "UP",
                  "sim_params": [
                    {
                      "name": "MCP_DisengageBar",
                      "expected": false
                    }
                  ]
                }
              ]
            },
            {
              "name": "OXYGEN PANEL",
              "id": "3",
              "item": [
                {
                  "id": "0",
                  "control": "msgcheckbox1",
                  "complete": "false",
                  "manual" : "true",
                  "text": "CREW OXYGEN PRESSURE",
                  "event": "",
                  "msg": [
                    "Verify pressure is sufficient for dispatch",
                    "Oxygen mask – Stowed and doors closed"
                  ]
                },
                {
                  "id": "1",
                  "control": "msgcheckbox1",
                  "complete": "false",
                  "manual" : "true",
                  "text": "RESET/TEST switch",
                  "event": "PUSH and HOLD",
                  "msg": [
                    "Verify yellow cross shows momentarily in the flow indicator",
                    "Release RESET/TEST switch",
                    "Verify yellow does not show in the flow indicator"
                  ]
                },
                {
                  "id": "2",
                  "control": "msgcheckbox1",
                  "complete": "false",
                  "manual" : "true",
                  "text": "EMERGENCY/TEST selector",
                  "event": "PUSH and HOLD",
                  "msg": [
                    "Verify yellow cross shows momentarily in the flow indicator",
                    "Release EMERGENCY/TEST selector",
                    "Verify yellow does not show in the flow indicator"
                  ]
                }
              ]
            },
            {
              "name": "MAIN INSTRUMENT PANEL",
              "id": "4",
              "item": [
                {
                  "id": "0",
                  "control": "checkbox1",
                  "complete": "false",
                  "manual" : "true",
                  "text": "CLOCK",
                  "event": "VERIFY WITH FMC"
                },
                {
                  "id": "1",
                  "control": "checkbox1",
                  "complete": "false",
                  "text": "NOSE WHEEL STEERING switch",
                  "event": "GUARDED",
                  "sim_params": [
                    {
                      "name": "MAIN_NoseWheelSteeringSwNORM",
                      "expected": true
                    }
                  ]
                },
                {
                  "id": "2",
                  "control": "checkbox1",
                  "complete": "false",
                  "text": "MAIN PANEL DISPLAY UNITS selector",
                  "event": "NORM",
                  "sim_params": [
                    {
                      "name": "MAIN_MainPanelDUSel_1",
                      "expected": 1
                    }
                  ]
                },
                {
                  "id": "3",
                  "control": "checkbox1",
                  "complete": "false",
                  "text": "LOWER DISPLAY UNIT selector",
                  "event": "NORM",
                  "sim_params": [
                    {
                      "name": "MAIN_LowerDUSel_1",
                      "expected": 1
                    }
                  ]
                },
                {
                  "id": "4",
                  "control": "msgcheckbox1",
                  "complete": "false",
                  "manual" : "true",
                  "text": "DISENGAGE Light TEST switch",
                  "event": "HOLD TO 1",
                  "msg": [
                    "Verify A/P light is illuminated steady amber",
                    "Verify A/T light is illuminated steady amber",
                    "Verify FMC light is illuminated steady amber"
                  ]
                },
                {
                  "id": "5",
                  "control": "msgcheckbox1",
                  "complete": "false",
                  "manual" : "true",
                  "text": "DISENGAGE Light TEST switch",
                  "event": "HOLD TO 2",
                  "msg": [
                    "Verify A/P light is illuminated steady red",
                    "Verify A/T light is illuminated steady red",
                    "Verify FMC light is illuminated steady amber"
                  ]
                },
                {
                  "id": "6",
                  "control": "checkbox1",
                  "complete": "false",
                  "text": "STAB OUT OF TRIM light",
                  "event": "OFF",
                  "sim_params": [
                    {
                      "name": "MAIN_annunSTAB_OUT_OF_TRIM",
                      "expected": false
                    }
                  ]
                },
                {
                  "id": "7",
                  "control": "msg1",
                  "complete": "false",
                  "text": "",
                  "msg": [
                    "verify IRS alignment is complete before checking the flight instruments"
                  ],
                  "sim_params": [
                    {
                      "name": "IRS_aligned",
                      "expected": true
                    }
                  ]
                },
                {
                  "id": "8",
                  "control": "msg1",
                  "complete": "false",
                  "manual" : "true",
                  "text": "CheckVerify that the flight instrument indications are correct",
                  "msg": [
                    ""
                  ]
                },
                {
                  "id": "9",
                  "control": "msg1",
                  "complete": "false",
                  "manual" : "true",
                  "text": "Verify only the following flags are shown",
                  "msg": [
                    "TCAS OFF",
                    "NO VSPD until V-speeds are selected",
                    "Expected RMI flags"
                  ]
                },
                {
                  "id": "10",
                  "control": "msg1",
                  "complete": "false",
                  "manual" : "true",
                  "text": "Verify the flight mode annunciations are correct",
                  "msg": [
                    "Autothrottle mode is blank",
                    "Roll mode is blank",
                    "Pitch mode is blank",
                    "AFDS status is FD"
                  ]
                },
                {
                  "id": "11",
                  "control": "msg1",
                  "complete": "false",
                  "manual" : "true",
                  "text": "Integrated standby flight display",
                  "msg": [
                    "Verify that the approach mode display is blank",
                    "Set the altimeter",
                    "Verify that the flight instrument indications are correct",
                    "Verify that no flags or messages are shown"
                  ]
                },
                {
                  "id": "12",
                  "control": "checkbox1",
                  "complete": "false",
                  "manual" : "true",
                  "text": "Standby RMI",
                  "event": "Select either VOR or ADF"
                },
                {
                  "id": "13",
                  "control": "msgcheckbox1",
                  "complete": "false",
                  "text": "SPEED BRAKE lever",
                  "event": "DOWN detent",
                  "msg": [
                    "Verify that the SPEEDBRAKE ARMED light is OFF",
                    "Verify that the SPEEDBRAKE DO NOT ARM light is OFF",
                    "Verify that the SPEEDBRAKE EXTENDED light is OFF"
                  ],
                  "sim_params": [
                    {
                      "name": "MAIN_annunSPEEDBRAKE_ARMED",
                      "expected": false
                    },
                    {
                      "name": "MAIN_annunSPEEDBRAKE_DO_NOT_ARM",
                      "expected": false
                    },
                    {
                      "name": "MAIN_annunSPEEDBRAKE_EXTENDED",
                      "expected": false
                    }
                  ]
                },
                {
                  "id": "14",
                  "control": "checkbox1",
                  "complete": "false",
                  "text": "Reverse thrust levers",
                  "event": "DOWN",
                  "sim_params": [
                    {
                      "name": "rev_1",
                      "compare_test": "lessThan",
                      "expected": 0.1
                    },
                    {
                      "name": "rev_2",
                      "compare_test": "lessThan",
                      "expected": 0.1
                    }
                  ]
                },
                {
                  "id": "15",
                  "control": "checkbox1",
                  "complete": "false",
                  "text": "Forward thrust levers",
                  "event": "CLOSED",
                  "sim_params": [
                    {
                      "name": "throttle_lever_1",
                      "compare_test": "lessThan",
                      "expected": 4.0
                    },
                    {
                      "name": "throttle_lever_2",
                      "compare_test": "lessThan",
                      "expected": 4.0
                    }
                  ]
                },
                {
                  "id": "16",
                  "control": "msgcheckbox1",
                  "complete": "false",
                  "manual" : "true",
                  "text": "FLAP lever",
                  "event": "SET",
                  "msg": [
                    "Set the flap lever to agree with the flap position"
                  ]
                },
                {
                  "id": "17",
                  "control": "msgcheckbox1",
                  "complete": "false",
                  "text": "PARKING BRAKE",
                  "event": "SET",
                  "msg": [
                    "Verify that the parking brake warning light is ON"
                  ],
                  "sim_params": [
                    {
                      "name": "PED_annunParkingBrake",
                      "expected": true
                    }
                  ]
                },
                {
                  "id": "18",
                  "control": "checkbox1",
                  "complete": "false",
                  "text": "ENGINE START levers",
                  "event": "CUTOFF",
                  "sim_params": [
                    {
                      "name": "ENG_StartValve_1",
                      "expected": false
                    },
                    {
                      "name": "ENG_StartValve_2",
                      "expected": false
                    }
                  ]
                },
                {
                  "id": "19",
                  "control": "checkbox1",
                  "complete": "false",
                  "text": "STABILIZER TRIM cutout switches",
                  "event": "NORMAL",
                  "sim_params": [
                    {
                      "name": "TRIM_StabTrimMainElecSw_NORMAL",
                      "expected": true
                    },
                    {
                      "name": "TRIM_StabTrimAutoPilotSw_NORMAL",
                      "expected": true
                    }
                  ]
                },
                {
                  "id": "20",
                  "control": "navigation",
                  "complete": "false",
                  "visibilityRef": "id:20",
                  "visible": "true",
                  "text": "PRE-FLIGHT CHECKLIST",
                  "destinationType": "checklist",
                  "destinationTypeName": "NORMAL",
                  "destinationName": "PREFLIGHT"
                }
              ]
            }
          ]
        }
      ]
    }
  ]
}