{
  "aircraftType": "737 NGX",
  "procedureType": [
    {
      "name": "NORMAL",
      "id": "0",
      "procedure": [
        {
          "name": "Preflight First Officer's",
          "id": "2",
          "complete": "false",
          "section": [
            {
              "name": "FLIGHT CONTROL PANEL",
              "id": "0",
              "item": [
                {
                  "id": "0",
                  "control": "msgcheckbox1",
                  "complete": "false",
                  "text": "FLIGHT CONTROL switches",
                  "event": "GUARDED",
                  "msg": [
                    "Verify flt ctrl LOW PRESSURE lights ON"
                  ],
                  "sim_params": [
                    {
                      "name": "FCTL_FltControl_Sw_1",
                      "expected": 2
                    },
                    {
                      "name": "FCTL_FltControl_Sw_2",
                      "expected": 2
                    },
                    {
                      "name": "FCTL_Spoiler_Sw_1",
                      "expected": true
                    },
                    {
                      "name": "FCTL_Spoiler_Sw_2",
                      "expected": true
                    },
                    {
                      "name": "FCTL_annunFC_LOW_PRESSURE_1",
                      "expected": true
                    },
                    {
                      "name": "FCTL_annunFC_LOW_PRESSURE_2",
                      "expected": true
                    }
                  ]
                },
                {
                  "id": "1",
                  "control": "checkbox1",
                  "complete": "false",
                  "text": "FLIGHT SPOILER switches",
                  "event": "GUARDED",
                  "sim_params": [
                    {
                      "name": "FCTL_Spoiler_Sw_1",
                      "expected": true
                    },
                    {
                      "name": "FCTL_Spoiler_Sw_2",
                      "expected": true
                    }
                  ]
                },
                {
                  "id": "2",
                  "control": "msgcheckbox1",
                  "complete": "false",
                  "text": "YAW DAMPER switch",
                  "event": "on",
                  "msg": [ "Verify YAW DAMPER light OFF" ],
                  "sim_params": [
                    {
                      "name": "FCTL_YawDamper_Sw",
                      "expected": true
                    },
                    {
                      "name": "FCTL_annunYAW_DAMPER",
                      "expected": false
                    }
                  ]
                },

                {
                  "id": "3",
                  "control": "msg1",
                  "complete": "false",
                  "text": "Standby Hydraulics",
                  "msg": [
                    "Verify standby hydraulic LOW QUANTITY light is OFF.",
                    "Verify standby hydraulic LOW PRESSURE light is OFF.",
                    "Verify STBY RUD ON light is OFF."
                  ],
                  "sim_params": [
                    {
                      "name": "FCTL_annunLOW_QUANTITY",
                      "expected": false
                    },
                    {
                      "name": "FCTL_annunLOW_PRESSURE",
                      "expected": false
                    },
                    {
                      "name": "FCTL_annunLOW_STBY_RUD_ON",
                      "expected": false
                    }
                  ]
                },
                {
                  "id": "4",
                  "control": "checkbox1",
                  "complete": "false",
                  "text": "ALTERNATE FLAPS Master switch",
                  "event": "GUARDED",
                  "sim_params": [
                    {
                      "name": "FCTL_AltnFlaps_Sw_ARM",
                      "expected": false
                    }
                  ]
                },
                {
                  "id": "5",
                  "control": "checkbox1",
                  "complete": "false",
                  "text": "ALTERNATE FLAPS Position switch",
                  "event": "OFF",
                  "sim_params": [
                    {
                      "name": "FCTL_AltnFlaps_Control_Sw",
                      "expected": 1
                    }
                  ]
                },
                {
                  "id": "6",
                  "control": "msg1",
                  "complete": "false",
                  "text": "Hydraulic Lights",
                  "msg": [
                    "Verify FEEL DIFF PRESS light is OFF.",
                    "Verify SPEED TRIM FAIL light is OFF",
                    "Verify MACH TRIM FAIL light is OFF.",
                    "Verify AUTO SLAT FAIL light is OFF."
                  ],
                  "sim_params": [
                    {
                      "name": "FCTL_annunFEEL_DIFF_PRESS",
                      "expected": false
                    },
                    {
                      "name": "FCTL_annunSPEED_TRIM_FAIL",
                      "expected": false
                    },
                    {
                      "name": "FCTL_annunMACH_TRIM_FAIL",
                      "expected": false
                    },
                    {
                      "name": "FCTL_annunAUTO_SLAT_FAIL",
                      "expected": false
                    }
                  ]
                }
              ]
            },
            {
              "name": "NAVIGATION PANEL",
              "id": "1",
              "item": [
                {
                  "id": "0",
                  "control": "checkbox1",
                  "complete": "false",
                  "text": "VHF NAV transfer switch",
                  "event": "NORMAL",
                  "sim_params": [
                    {
                      "name": "NAVDIS_VHFNavSelector",
                      "expected": 1
                    }
                  ]
                },
                {
                  "id": "1",
                  "control": "checkbox1",
                  "complete": "false",
                  "text": "IRS transfer switch",
                  "event": "NORMAL",
                  "sim_params": [
                    {
                      "name": "NAVDIS_IRSSelector",
                      "expected": 1
                    }
                  ]
                },
                {
                  "id": "2",
                  "control": "checkbox1",
                  "complete": "false",
                  "text": "FMC transfer switch",
                  "event": "NORMAL",
                  "sim_params": [
                    {
                      "name": "NAVDIS_FMCSelector",
                      "expected": 1
                    }
                  ]
                }
              ]
            },
            {
              "name": "DISPLAYS PANEL",
              "id": "2",
              "item": [
                {
                  "id": "0",
                  "control": "checkbox1",
                  "complete": "false",
                  "text": "SOURCE selector",
                  "event": "AUTO",
                  "sim_params": [
                    {
                      "name": "NAVDIS_SourceSelector",
                      "expected": 1
                    }
                  ]
                },
                {
                  "id": "1",
                  "control": "checkbox1",
                  "complete": "false",
                  "text": "CONTROL PANEL select switch",
                  "event": "NORMAL",
                  "sim_params": [
                    {
                      "name": "NAVDIS_ControlPaneSelector",
                      "expected": 1
                    }
                  ]
                }
              ]
            },
            {
              "name": "FUEL PANEL",
              "id": "3",
              "item": [
                {
                  "id": "0",
                  "control": "msg1",
                  "complete": "false",
                  "text": "",
                  "msg": [
                    "Verify ENG VALVE CLOSED lights are DIM.",
                    "Verify SPAR VALVE CLOSED lights are DIM.",
                    "Verify FILTER BYPASS lights are OFF."
                  ],
                  "sim_params": [
                    {
                      "name": "FUEL_annunENG_VALVE_CLOSED_1",
                      "expected": true
                    },
                    {
                      "name": "FUEL_annunENG_VALVE_CLOSED_2",
                      "expected": true
                    },
                    {
                      "name": "FUEL_annunSPAR_VALVE_CLOSED_1",
                      "expected": true
                    },
                    {
                      "name": "FUEL_annunSPAR_VALVE_CLOSED_2",
                      "expected": true
                    },
                    {
                      "name": "FUEL_annunFILTER_BYPASS_1",
                      "expected": false
                    },
                    {
                      "name": "FUEL_annunFILTER_BYPASS_2",
                      "expected": false
                    }
                  ]
                },
                {
                  "id": "1",
                  "control": "msgcheckbox1",
                  "complete": "false",
                  "text": "CROSSFEED selector",
                  "event": "CLOSED",
                  "msg": [
                    "Verify VALVE OPEN light is OFF."
                  ],
                  "sim_params": [
                    {
                      "name": "FUEL_CrossFeedSw",
                      "expected": false
                    },
                    {
                      "name": "FUEL_annunXFEED_VALVE_OPEN",
                      "expected": 0
                    }
                  ]
                },
                {
                  "id": "2",
                  "control": "msgcheckbox1",
                  "complete": "false",
                  "text": "FUEL PUMP switches",
                  "event": "OFF",
                  "msg": [
                    "Verify center tank LOW PRESSURE lights are OFF.",
                    "Verify main tank LOW PRESSURE lights are ON."
                  ],
                  "sim_params": [
                    {
                      "name": "FUEL_PumpFwdSw_1",
                      "expected": false
                    },
                    {
                      "name": "FUEL_PumpFwdSw_2",
                      "expected": false
                    },
                    {
                      "name": "FUEL_PumpAftSw_1",
                      "expected": false
                    },
                    {
                      "name": "FUEL_PumpAftSw_2",
                      "expected": false
                    },
                    {
                      "name": "FUEL_PumpCtrSw_1",
                      "expected": false
                    },
                    {
                      "name": "FUEL_PumpCtrSw_2",
                      "expected": false
                    },
                    {
                      "name": "FUEL_annunLOWPRESS_Fwd_1",
                      "expected": true
                    },
                    {
                      "name": "FUEL_annunLOWPRESS_Fwd_2",
                      "expected": true
                    },
                    {
                      "name": "FUEL_annunLOWPRESS_Aft_1",
                      "expected": true
                    },
                    {
                      "name": "FUEL_annunLOWPRESS_Aft_2",
                      "expected": true
                    },
                    {
                      "name": "FUEL_annunLOWPRESS_Ctr_1",
                      "expected": false
                    },
                    {
                      "name": "FUEL_annunLOWPRESS_Ctr_2",
                      "expected": false
                    }
                  ]
                }
              ]
            },
            {
              "name": "Electrical  PANEL",
              "id": "4",
              "item": [
                {
                  "id": "0",
                  "control": "checkbox1",
                  "complete": "false",
                  "text": "BATTERY switch ",
                  "event": "GUARDED",
                  "sim_params": [
                    {
                      "name": "ELEC_BatSelector",
                      "expected": 1
                    }
                  ]
                },
                {
                  "id": "1",
                  "control": "checkbox1",
                  "complete": "false",
                  "text": "CAB/UTIL power switch ",
                  "event": "ON",
                  "sim_params": [
                    {
                      "name": "ELEC_CabUtilSw",
                      "expected": true
                    }
                  ]
                },
                {
                  "id": "2",
                  "control": "checkbox1",
                  "complete": "false",
                  "text": "IFE/PASS SEAT power switch",
                  "event": "ON",
                  "sim_params": [
                    {
                      "name": "ELEC_IFEPassSeatSw",
                      "expected": true
                    }
                  ]
                },
                {
                  "id": "3",
                  "control": "checkbox1",
                  "complete": "false",
                  "text": "STANDBY POWER switch",
                  "event": "GUARDED",
                  "sim_params": [
                    {
                      "name": "ELEC_StandbyPowerSelector",
                      "expected": 2
                    }
                  ]
                },
                {
                  "id": "4",
                  "control": "msg1",
                  "complete": "false",
                  "text": "",
                  "msg": [
                    "Verify STANDBY PWR OFF light is OFF.",
                    "Verify BAT DISCHARGE light is OFF.",
                    "Verify TR UNIT light is OFF.",
                    "Verify ELEC light is OFF."
                  ],
                  "sim_params": [
                    {
                      "name": "ELEC_annunSTANDBY_POWER_OFF",
                      "expected": false
                    },
                    {
                      "name": "ELEC_annunBAT_DISCHARGE",
                      "expected": false
                    },
                    {
                      "name": "ELEC_annunTR_UNIT",
                      "expected": false
                    },
                    {
                      "name": "ELEC_annunELEC",
                      "expected": false
                    }
                  ]
                },
                {
                  "id": "5",
                  "control": "msgcheckbox1",
                  "complete": "false",
                  "text": "Generator drive DISCONNECT switch",
                  "event": "GUARDED",
                  "msg": [
                    "Verify DRIVE lights are ON."
                  ],
                  "sim_params": [
                    {
                      "name": "ELEC_IDGDisconnectSw_1",
                      "expected": true
                    },
                    {
                      "name": "ELEC_IDGDisconnectSw_2",
                      "expected": true
                    },
                    {
                      "name": "ELEC_annunDRIVE_1",
                      "expected": true
                    },
                    {
                      "name": "ELEC_annunDRIVE_2",
                      "expected": true
                    }
                  ]
                },
                {
                  "id": "6",
                  "control": "msgcheckbox1",
                  "complete": "false",
                  "text": "BUS TRANSFER switch",
                  "event": "GUARDED",
                  "msg": [
                    "Verify TRANSFER BUS OFF lights are OFF.",
                    "Verify SOURCE OFF lights are OFF.",
                    "Verify GEN OFF BUS lights are ON."
                  ],
                  "sim_params": [
                    {
                      "name": "ELEC_BusTransSw_AUTO",
                      "expected": true
                    },
                    {
                      "name": "ELEC_annunSOURCE_OFF_1",
                      "expected": false
                    },
                    {
                      "name": "ELEC_annunSOURCE_OFF_2",
                      "expected": false
                    },
                    {
                      "name": "ELEC_annunTRANSFER_BUS_OFF_1",
                      "expected": false
                    },
                    {
                      "name": "ELEC_annunTRANSFER_BUS_OFF_2",
                      "expected": false
                    },
                    {
                      "name": "ELEC_annunGEN_BUS_OFF_1",
                      "expected": true
                    },
                    {
                      "name": "ELEC_annunGEN_BUS_OFF_2",
                      "expected": true
                    }
                  ]
                },
                {
                  "id": "7",
                  "control": "switch",
                  "state": "false",
                  "text": "FIRE TEST REQUIRED",
                  "msgVisible": "false",
                  "msg": ""
                },
                {
                  "id": "8",
                  "control": "navigation",
                  "complete": "false",
                  "visibilityRef": "id:7",
                  "visible": "true",
                  "text": "ENGINE AND APU FIRE TEST",
                  "destinationType": "procedure",
                  "destinationTypeName": "SUPPLEMENTARY",
                  "destinationName": "Engine and APU Fire Test"
                },
                {
                  "id": "9",
                  "control": "switch",
                  "state": "false",
                  "text": "APU IS REQUIRED",
                  "msgVisible": "false",
                  "msg": ""
                },
                {
                  "id": "10",
                  "control": "msgcheckbox2",
                  "complete": "false",
                  "visibilityRef": "id:9",
                  "visible": "true",
                  "text": "APU",
                  "event": "START",
                  "msg": [
                    "Wait for APU GEN OFF BUS light to turn ON."
                  ],
                  "sim_params": [
                    {
                      "name": "APU_Selector",
                      "compare_test" : "sequence",
                      "expectedHistory" : [3,2,1]
                    }
                  ]
                },
                {
                  "id": "11",
                  "control": "msgcheckbox2",
                  "complete": "false",
                  "visibilityRef": "id:9",
                  "visible": "true",
                  "text": "APU GENERATOR bus switches",
                  "event": "ON",
                  "msg": [
                    "Verify SOURCE OFF lights are OFF.",
                    "Verify TRANSFER BUS OFF lights are OFF."
                  ],
                  "sim_params": [
                    {
                      "name": "APU_Selector",
                      "expected" : 1
                    },
                    {
                      "name": "ELEC_annunAPU_GEN_OFF_BUS",
                      "compare_test" : "sequence",
                      "expectedHistory" : [ true, false]
                    },
                    {
                      "name": "ELEC_APUGenSw_1",
                      "expected": true
                    },
                    {
                      "name": "ELEC_APUGenSw_2",
                      "expected": true
                    },
                    {
                      "name": "ELEC_annunSOURCE_OFF_1",
                      "expected": false
                    },
                    {
                      "name": "ELEC_annunSOURCE_OFF_2",
                      "expected": false
                    },
                    {
                      "name": "ELEC_annunTRANSFER_BUS_OFF_1",
                      "expected": false
                    },
                    {
                      "name": "ELEC_annunTRANSFER_BUS_OFF_2",
                      "expected": false
                    }
                  ]
                }
              ]
            },
            {
              "name": "CENTRAL FORWARD OVERHEAD PANEL",
              "id": "5",
              "item": [
                {
                  "id": "0",
                  "control": "msgcheckbox1",
                  "complete": "false",
                  "text": "EQUIPMENT COOLING switches",
                  "event": "NORMAL",
                  "msg": [
                    "Verify OFF lights are OFF."
                  ],
                  "sim_params": [
                    {
                      "name": "AIR_EquipCoolingSupplyNORM",
                      "expected": true
                    },
                    {
                      "name": "AIR_EquipCoolingExhaustNORM",
                      "expected": true
                    },

                    {
                      "name": "AIR_annunEquipCoolingSupplyOFF",
                      "expected": false
                    },
                    {
                      "name": "AIR_annunEquipCoolingExhaustOFF",
                      "expected": false
                    }
                  ]
                },
                {
                  "id": "1",
                  "control": "msgcheckbox1",
                  "complete": "false",
                  "text": "EMERGENCY EXIT LIGHTS switch",
                  "event": "GUARDED",
                  "msg": [
                    "Verify NOT ARMED light is OFF."
                  ],
                  "sim_params": [
                    {
                      "name": "LTS_EmerExitSelector",
                      "expected": 1
                    },
                    {
                      "name": "LTS_annunEmerNOT_ARMED",
                      "expected": false
                    }
                  ]
                },
                {
                  "id": "2",
                  "control": "msgcheckbox1",
                  "complete": "false",
                  "text": "Passenger sign",
                  "event": "SET",
                  "msg": [
                    "FASTEN BELTS switch – AUTO or ON"
                  ],
                  "sim_params": [
                    {
                      "name": "COMM_FastenBeltsSelector",
                      "compare_test" : "or",
                      "expected": 1,
                      "expected_2" : 2
                    }
                  ]
                },
                {
                  "id": "3",
                  "control": "msgcheckbox1",
                  "complete": "false",
                  "text": "Windshield WIPER selectors",
                  "event": "PARK",
                  "msg": [
                    "Verify windshield wipers are stowed."
                  ],
                  "sim_params": [
                    {
                      "name": "OH_WiperLSelector",
                      "expected": 0
                    },
                    {
                      "name": "OH_WiperRSelector",
                      "expected": 0
                    }
                  ]
                }
              ]
            },
            {
              "name": "WINDOW HEAT PANEL",
              "id": "6",
              "item": [
                {
                  "id": "0",
                  "control": "msgcheckbox1",
                  "complete": "false",
                  "text": "WINDOW HEAT switches",
                  "event": "ON",
                  "msg": [
                    "Position switches ON at least 10 minutes before takeoff.",
                    "Verify OVERHEAT lights are OFF.",
                    "Verify ON lights are ON."
                  ],
                  "sim_params": [
                    {
                      "name": "ICE_WindowHeatSw_1",
                      "expected": true
                    },
                    {
                      "name": "ICE_WindowHeatSw_2",
                      "expected": true
                    },
                    {
                      "name": "ICE_WindowHeatSw_3",
                      "expected": true
                    },
                    {
                      "name": "ICE_WindowHeatSw_4",
                      "expected": true
                    },
                    {
                      "name": "ICE_annunON_1",
                      "expected": true
                    },
                    {
                      "name": "ICE_annunON_2",
                      "expected": true
                    },
                    {
                      "name": "ICE_annunON_3",
                      "expected": true
                    },
                    {
                      "name": "ICE_annunON_4",
                      "expected": true
                    },
                    {
                      "name": "ICE_annunOVERHEAT_1",
                      "expected": false
                    },
                    {
                      "name": "ICE_annunOVERHEAT_2",
                      "expected": false
                    },
                    {
                      "name": "ICE_annunOVERHEAT_3",
                      "expected": false
                    },
                    {
                      "name": "ICE_annunOVERHEAT_4",
                      "expected": false
                    }
                  ]
                },
                {
                  "id": "1",
                  "control": "msgcheckbox1",
                  "complete": "false",
                  "text": "PROBE HEAT switches",
                  "event": "OFF",
                  "msg": [
                    "Verify that all lights are ON."
                  ],
                  "sim_params": [
                    {
                      "name": "ICE_ProbeHeatSw_1",
                      "expected": false
                    },
                    {
                      "name": "ICE_ProbeHeatSw_2",
                      "expected": false
                    },
                    {
                      "name": "ICE_annunCAPT_PITOT",
                      "expected": true
                    },
                    {
                      "name": "ICE_annunL_ELEV_PITOT",
                      "expected": true
                    },
                    {
                      "name": "ICE_annunL_ALPHA_VANE",
                      "expected": true
                    },
                    {
                      "name": "ICE_annunL_TEMP_PROBE",
                      "expected": true
                    },
                    {
                      "name": "ICE_annunFO_PITOT",
                      "expected": true
                    },
                    {
                      "name": "ICE_annunR_ELEV_PITOT",
                      "expected": true
                    },
                    {
                      "name": "ICE_annunR_ALPHA_VANE",
                      "expected": true
                    },
                    {
                      "name": "ICE_annunAUX_PITOT",
                      "expected": true
                    }
                  ]
                },
                {
                  "id": "2",
                  "control": "msgcheckbox1",
                  "complete": "false",
                  "text": "WING ANTI–ICE switch",
                  "event": "OFF",
                  "msg": [
                    "Verify VALVE OPEN lights are OFF."
                  ],
                  "sim_params": [
                    {
                      "name": "ICE_WingAntiIceSw",
                      "expected": false
                    },
                    {
                      "name": "ICE_annunVALVE_OPEN_1",
                      "expected": false
                    },
                    {
                      "name": "ICE_annunVALVE_OPEN_2",
                      "expected": false
                    }
                  ]
                },
                {
                  "id": "3",
                  "control": "msgcheckbox1",
                  "complete": "false",
                  "text": "ENGINE ANTI–ICE switches",
                  "event": "OFF",
                  "msg": [
                    "Verify COWL ANTI–ICE lights are OFF.",
                    "Verify COWL VALVE OPEN lights are OFF."
                  ],
                  "sim_params": [
                    {
                      "name": "ICE_EngAntiIceSw_1",
                      "expected": false
                    },
                    {
                      "name": "ICE_EngAntiIceSw_2",
                      "expected": false
                    },
                    {
                      "name": "ICE_annunCOWL_ANTI_ICE_1",
                      "expected": false
                    },
                    {
                      "name": "ICE_annunCOWL_ANTI_ICE_2",
                      "expected": false
                    },
                    {
                      "name": "ICE_annunCOWL_VALVE_OPEN_1",
                      "expected": false
                    },
                    {
                      "name": "ICE_annunCOWL_VALVE_OPEN_2",
                      "expected": false
                    }
                  ]
                }
              ]
            },
            {
              "name": "HYDRAULIC PANEL",
              "id": "7",
              "item": [
                {
                  "id": "0",
                  "control": "msgcheckbox1",
                  "complete": "false",
                  "text": "ENGINE HYDRAULIC PUMPS switches",
                  "event": "ON",
                  "msg": [
                    "Position switches ON at least 10 minutes before takeoff.",
                    "Verify LOW PRESSURE lights are ON."
                  ],
                  "sim_params": [
                    {
                      "name": "HYD_PumpSw_eng_1",
                      "expected": true
                    },
                    {
                      "name": "HYD_PumpSw_eng_2",
                      "expected": true
                    },
                    {
                      "name": "HYD_annunLOW_PRESS_eng_1",
                      "expected": true
                    },
                    {
                      "name": "HYD_annunLOW_PRESS_eng_2",
                      "expected": true
                    }
                  ]
                },
                {
                  "id": "1",
                  "control": "msgcheckbox1",
                  "complete": "false",
                  "text": "ELECTRIC HYDRAULIC PUMPS switches ",
                  "event": "OFF",
                  "msg": [
                    "Verify OVERHEAT lights are OFF.",
                    "Verify LOW PRESSURE lights are ON."
                  ],
                  "sim_params": [
                    {
                      "name": "HYD_PumpSw_elec_1",
                      "expected": false
                    },
                    {
                      "name": "HYD_PumpSw_elec_2",
                      "expected": false
                    },
                    {
                      "name": "HYD_annunOVERHEAT_elec_1",
                      "expected": false
                    },
                    {
                      "name": "HYD_annunOVERHEAT_elec_2",
                      "expected": false
                    },
                    {
                      "name": "HYD_annunLOW_PRESS_elec_1",
                      "expected": true
                    },
                    {
                      "name": "HYD_annunLOW_PRESS_elec_2",
                      "expected": true
                    }
                  ]
                }
              ]
            },
            {
              "name": "AIR CONDITIONING PANEL",
              "id": "8",
              "item": [
                {
                  "id": "0",
                  "control": "checkbox1",
                  "complete": "false",
                  "manual" : "true",
                  "text": "AIR TEMPERATURE source selector ",
                  "event": "AS NEEDED"
                },

                {
                  "id": "1",
                  "control": "msgcheckbox1",
                  "complete": "false",
                  "text": "TRIM AIR switch",
                  "event": "ON",
                  "msg": [
                    "Verify ZONE TEMP lights are OFF."
                  ],
                  "sim_params": [
                    {
                      "name": "AIR_TrimAirSwitch",
                      "expected": true
                    },
                    {
                      "name": "AIR_annunZoneTemp_1",
                      "expected": false
                    },
                    {
                      "name": "AIR_annunZoneTemp_2",
                      "expected": false
                    },
                    {
                      "name": "AIR_annunZoneTemp_3",
                      "expected": false
                    }
                  ]
                },
                {
                  "id": "2",
                  "control": "msgcheckbox1",
                  "complete": "false",
                  "text": "TEMPERATURE SELECTORS",
                  "event": "AS NEEDED",
                  "msg": [
                    "Verify RAM DOOR FULL OPEN lights are ON."
                  ],
                  "sim_params": [
                    {
                      "name": "AIR_annunRamDoorL",
                      "expected": true
                    },
                    {
                      "name": "AIR_annunRamDoorR",
                      "expected": true
                    }
                  ]
                },
                {
                  "id": "3",
                  "control": "msgcheckbox1",
                  "complete": "false",
                  "manual" : "true",
                  "text": "GROUND CONNECTIONS",
                  "event": "DISCONNECT",
                  "msg": [
                    "Disconnect GROUND POWER and AIR CONDITIONING UNIT."
                  ]
                },



                {
                  "id": "4",
                  "control": "checkbox1",
                  "complete": "false",
                  "text": "RECIRCULATION FAN switches",
                  "event": "AUTO",
                  "sim_params": [
                    {
                      "name": "AIR_RecircFanSwitch_1",
                      "expected": true
                    },
                    {
                      "name": "AIR_RecircFanSwitch_2",
                      "expected": true
                    }
                  ]
                },
                {
                  "id": "5",
                  "control": "checkbox1",
                  "complete": "false",
                  "text": "AIR CONDITIONING PACKS switches",
                  "event": "AUTO or HIGH",
                  "sim_params": [
                    {
                      "name": "AIR_PackSwitch_1",
                      "compare_test" : "or",
                      "expected": 1,
                      "expected_2" : 2
                    },
                    {
                      "name": "AIR_PackSwitch_2",
                      "compare_test" : "or",
                      "expected": 1,
                      "expected_2" : 2
                    }
                  ]
                },
                {
                  "id": "6",
                  "control": "checkbox1",
                  "complete": "false",
                  "text": "ISOLATION VALVE switch",
                  "event": "OPEN",
                  "sim_params": [
                    {
                      "name": "AIR_IsolationValveSwitch",
                      "expected": 2
                    }
                  ]
                },
                {
                  "id": "7",
                  "control": "checkbox1",
                  "complete": "false",
                  "text": "Engine BLEED air switches",
                  "event": "ON",
                  "sim_params": [
                    {
                      "name": "AIR_BleedAirSwitch_1",
                      "expected": true
                    },
                    {
                      "name": "AIR_BleedAirSwitch_2",
                      "expected": true
                    }
                  ]
                },
                {
                  "id": "8",
                  "control": "msgcheckbox1",
                  "complete": "false",
                  "text": "APU BLEED air switch",
                  "event": "ON",
                  "msg": [
                    "Verify DUAL BLEED light is ON",
                    "Verify PACK lights are OFF",
                    "Verify WING–BODY OVERHEAT lights are OFF",
                    "Verify BLEED TRIP OFF lights are OFF"
                  ],
                  "sim_params": [
                    {
                      "name": "AIR_APUBleedAirSwitch",
                      "expected": true
                    },
                    {
                      "name": "AIR_annunDualBleed",
                      "expected": true
                    },
                    {
                      "name": "AIR_annunPackTripOff_1",
                      "expected": false
                    },
                    {
                      "name": "AIR_annunPackTripOff_2",
                      "expected": false
                    },
                    {
                      "name": "AIR_annunWingBodyOverheat_1",
                      "expected": false
                    },
                    {
                      "name": "AIR_annunWingBodyOverheat_2",
                      "expected": false
                    },
                    {
                      "name": "AIR_annunBleedTripOff_1",
                      "expected": false
                    },
                    {
                      "name": "AIR_annunBleedTripOff_2",
                      "expected": false
                    }
                  ]
                }
              ]
            },
            {
              "name": "CABIN PRESSURIZATION PANEL",
              "id": "9",
              "item": [
                {
                  "id": "0",
                  "control": "msg1",
                  "complete": "false",
                  "text": "",
                  "msg": [
                    "Verify AUTO FAIL light is OFF",
                    "Verify OFF SCHED DESCENT light is OFF"
                  ],
                  "sim_params": [
                    {
                      "name": "AIR_annunAUTO_FAIL",
                      "expected": false
                    },
                    {
                      "name": "AIR_annunOFFSCHED_DESCENT",
                      "expected": false
                    }
                  ]
                },
                {
                  "id": "1",
                  "control": "checkbox1",
                  "complete": "false",
                  "manual" : "true",
                  "text": "FLIGHT ALTITUDE indicator ",
                  "event": "Cruise Altitude"
                },
                {
                  "id": "2",
                  "control": "checkbox1",
                  "complete": "false",
                  "manual" : "true",
                  "text": "LANDING ALTITUDE indicator",
                  "event": "Destination Elevation"
                },
                {
                  "id": "3",
                  "control": "msgcheckbox1",
                  "complete": "false",
                  "text": "Pressurization mode selector ",
                  "event": "AUTO",
                  "msg": [
                    "Verify ALTN light is OFF",
                    "Verify MANUAL light is OFF"
                  ],
                  "sim_params": [
                    {
                      "name": "AIR_PressurizationModeSelector",
                      "expected": 0
                    },
                    {
                      "name": "AIR_annunALTN",
                      "expected": false
                    },
                    {
                      "name": "AIR_annunMANUAL",
                      "expected": false
                    }
                  ]
                }
              ]
            },
            {
              "name": "LIGHTING PANEL",
              "id": "10",
              "item": [
                {
                  "id": "0",
                  "control": "checkbox1",
                  "complete": "false",
                  "text": "LANDING light switches ",
                  "event": "RETRACT and OFF",
                  "sim_params": [
                    {
                      "name": "LTS_LandingLtRetractableSw_1",
                      "expected": 0
                    },
                    {
                      "name": "LTS_LandingLtRetractableSw_2",
                      "expected": 0
                    },
                    {
                      "name": "LTS_LandingLtFixedSw_1",
                      "expected": false
                    },
                    {
                      "name": "LTS_LandingLtFixedSw_2",
                      "expected": false
                    }
                  ]
                },
                {
                  "id": "1",
                  "control": "checkbox1",
                  "complete": "false",
                  "text": "RUNWAY TURNOFF light switches",
                  "event": "OFF",
                  "sim_params": [
                    {
                      "name": "LTS_RunwayTurnoffSw_1",
                      "expected": false
                    },
                    {
                      "name": "LTS_RunwayTurnoffSw_2",
                      "expected": false
                    }
                  ]
                },
                {
                  "id": "2",
                  "control": "checkbox1",
                  "complete": "false",
                  "text": "TAXI light switch",
                  "event": "OFF",
                  "sim_params": [
                    {
                      "name": "LTS_TaxiSw",
                      "expected": false
                    }
                  ]
                },
                {
                  "id": "3",
                  "control": "msgcheckbox1",
                  "complete": "false",
                  "text": "Ignition select switch",
                  "event": "IGN L or R",
                  "msg": [
                    "Alternate the ignition select switch position on subsequent starts"
                  ],
                  "sim_params": [
                  {
                    "name": "ENG_IgnitionSelector",
                    "compare_test" : "or",
                    "expected": 0,
                    "expected_2" : 2
                  }
                ]
                },
                {
                  "id": "4",
                  "control": "checkbox1",
                  "complete": "false",
                  "text": "ENGINE START switches",
                  "event": "OFF",
                  "sim_params": [
                    {
                      "name": "ENG_StartSelector_1",
                      "expected": 1
                    },
                    {
                      "name": "ENG_StartSelector_2",
                      "expected": 1
                    }
                  ]
                },
                {
                  "id": "5",
                  "control": "checkbox1",
                  "complete": "false",
                  "manual" : "true",
                  "text": "LOGO light switch",
                  "event": "AS NEEDED"
                },
                {
                  "id": "6",
                  "control": "checkbox1",
                  "complete": "false",
                  "text": "POSITION light switch ",
                  "event": "STEADY",
                  "sim_params": [
                    {
                      "name": "LTS_PositionSw",
                      "expected": 0
                    }
                  ]
                },
                {
                  "id": "7",
                  "control": "checkbox1",
                  "complete": "false",
                  "text": "ANTI–COLLISION light switch ",
                  "event": "OFF",
                  "sim_params": [
                    {
                      "name": "LTS_AntiCollisionSw",
                      "expected": false
                    }
                  ]
                },
                {
                  "id": "8",
                  "control": "checkbox1",
                  "complete": "false",
                  "text": "WING light switch ",
                  "event": "OFF",
                  "sim_params": [
                    {
                      "name": "LTS_WingSw",
                      "expected": false
                    }
                  ]
                },
                {
                  "id": "9",
                  "control": "checkbox1",
                  "complete": "false",
                  "text": "WHEEL WELL light switch",
                  "event": "OFF",
                  "sim_params": [
                    {
                      "name": "LTS_WheelWellSw",
                      "expected": false
                    }
                  ]
                }
              ]
            },
            {
              "name": "FIRST OFFICER MODE CONTROL PANEL",
              "id": "11",
              "item": [
                {
                  "id": "0",
                  "control": "switch",
                  "state": "false",
                  "text": "SET MODE CONTROL PANEL",
                  "msgVisible": "false",
                  "msg": ""
                },
                {
                  "id": "1",
                  "control": "checkbox2",
                  "complete": "false",
                  "manual" : "true",
                  "visibilityRef": "id:0",
                  "visible": "true",
                  "text": "COURSE(S)",
                  "event": "SET"
                },
                {
                  "id": "2",
                  "control": "msgcheckbox2",
                  "complete": "false",
                  "visibilityRef": "id:0",
                  "visible": "true",
                  "text": "FLIGHT DIRECTOR switch",
                  "event": "ON",
                  "msg": [
                    "Move the switch for the pilot flying to ON first"
                  ],
                  "sim_params": [
                    {
                      "name": "MCP_FDSw_2",
                      "expected": true
                    }
                  ]
                }
              ]
            },
            {
              "name": "FIRST OFFICER EFIS CONTROL PANEL",
              "id": "12",
              "item": [
                {
                  "id": "0",
                  "control": "switch",
                  "state": "false",
                  "text": "SET EFIS CONTROL PANEL",
                  "msgVisible": "false",
                  "msg": ""
                },
                {
                  "id": "1",
                  "control": "checkbox2",
                  "complete": "false",
                  "manual" : "true",
                  "visibilityRef": "id:0",
                  "visible": "true",
                  "text": "MINIMUMS reference selector ",
                  "event": "RADIO or BARO"
                },
                {
                  "id": "2",
                  "control": "checkbox2",
                  "complete": "false",
                  "manual" : "true",
                  "visibilityRef": "id:0",
                  "visible": "true",
                  "text": "MINIMUMS selector",
                  "event": "DH or ALT REF"
                },
                {
                  "id": "3",
                  "control": "checkbox2",
                  "complete": "false",
                  "manual" : "true",
                  "visibilityRef": "id:0",
                  "visible": "true",
                  "text": "METERS switch",
                  "event": "AS NEEDED"
                },
                {
                  "id": "4",
                  "control": "checkbox2",
                  "complete": "false",
                  "manual" : "true",
                  "visibilityRef": "id:0",
                  "visible": "true",
                  "text": "BAROMETRIC reference selector",
                  "event": "IN or HPA"
                },
                {
                  "id": "5",
                  "control": "checkbox2",
                  "complete": "false",
                  "manual" : "true",
                  "visibilityRef": "id:0",
                  "visible": "true",
                  "text": "BAROMETRIC selector",
                  "event": "Set Local Altimeter"
                },
                {
                  "id": "6",
                  "control": "checkbox2",
                  "complete": "false",
                  "manual" : "true",
                  "visibilityRef": "id:0",
                  "visible": "true",
                  "text": "VOR/ADF switches",
                  "event": "AS NEEDED"
                },
                {
                  "id": "7",
                  "control": "checkbox2",
                  "complete": "false",
                  "visibilityRef": "id:0",
                  "visible": "true",
                  "text": "MODE selector",
                  "event": "MAP",
                  "sim_params": [
                    {
                      "name": "EFIS_ModeSel_2",
                      "expected": 2
                    }
                  ]
                },
                {
                  "id": "8",
                  "control": "checkbox2",
                  "complete": "false",
                  "manual" : "true",
                  "visibilityRef": "id:0",
                  "visible": "true",
                  "text": "CENTER switch",
                  "event": "AS NEEDED"
                },
                {
                  "id": "9",
                  "control": "checkbox2",
                  "complete": "false",
                  "manual" : "true",
                  "visibilityRef": "id:0",
                  "visible": "true",
                  "text": "RANGE selector",
                  "event": "AS NEEDED"
                },
                {
                  "id": "10",
                  "control": "checkbox2",
                  "complete": "false",
                  "manual" : "true",
                  "visibilityRef": "id:0",
                  "visible": "true",
                  "text": "TRAFFIC switch",
                  "event": "AS NEEDED"
                },
                {
                  "id": "11",
                  "control": "msgcheckbox2",
                  "complete": "false",
                  "manual" : "true",
                  "visibilityRef": "id:0",
                  "visible": "true",
                  "text": "WEATHER RADAR ",
                  "event": "OFF",
                  "msg": [ "Verify weather radar indications are not shown on the MAP" ]
                },
                {
                  "id": "12",
                  "control": "checkbox2",
                  "complete": "false",
                  "manual" : "true",
                  "visibilityRef": "id:0",
                  "visible": "true",
                  "text": "Map switches",
                  "event": "AS NEEDED"
                }
              ]
            },
            {
              "name": "FIRST OFFICER OXYGEN PANEL",
              "id": "13",
              "item": [
                {
                  "id": "0",
                  "control": "switch",
                  "state": "false",
                  "text": "TEST OXYGEN PANEL",
                  "msgVisible": "false",
                  "msg": ""
                },
                {
                  "id": "1",
                  "control": "msgcheckbox2",
                  "complete": "false",
                  "manual" : "true",
                  "visibilityRef": "id:0",
                  "visible": "true",
                  "text": "CREW OXYGEN PRESSURE",
                  "event": "",
                  "msg": [
                    "Verify pressure is sufficient for dispatch",
                    "Oxygen mask – Stowed and doors closed"
                  ]
                },
                {
                  "id": "2",
                  "control": "msgcheckbox2",
                  "complete": "false",
                  "manual" : "true",
                  "visibilityRef": "id:0",
                  "visible": "true",
                  "text": "RESET/TEST switch",
                  "event": "PUSH and HOLD",
                  "msg": [
                    "Verify yellow cross shows momentarily in the flow indicator",
                    "Release RESET/TEST switch",
                    "Verify yellow does not show in the flow indicator"
                  ]
                },
                {
                  "id": "3",
                  "control": "msgcheckbox2",
                  "complete": "false",
                  "manual" : "true",
                  "visibilityRef": "id:0",
                  "visible": "true",
                  "text": "EMERGENCY/TEST selector",
                  "event": "PUSH and HOLD",
                  "msg": [
                    "Verify yellow cross shows momentarily in the flow indicator",
                    "Release EMERGENCY/TEST selector",
                    "Verify yellow does not show in the flow indicator"
                  ]
                }
              ]
            },
            {
              "name": "FIRST OFFICER MAIN INSTRUMENT PANEL",
              "id": "14",
              "item": [
                {
                  "id": "0",
                  "control": "switch",
                  "state": "false",
                  "text": "SET FLIGHT INSTRUMENTS",
                  "msgVisible": "false",
                  "msg": ""
                },
                {
                  "id": "1",
                  "control": "checkbox2",
                  "complete": "false",
                  "manual" : "true",
                  "visibilityRef": "id:0",
                  "visible": "true",
                  "text": "CLOCK",
                  "event": "VERIFY WITH FMC"
                },
                {
                  "id": "2",
                  "control": "checkbox2",
                  "complete": "false",
                  "visibilityRef": "id:0",
                  "visible": "true",
                  "text": "MAIN PANEL DISPLAY UNITS selector",
                  "event": "NORM",
                  "sim_params": [
                    {
                      "name": "MAIN_MainPanelDUSel_2",
                      "expected": 1
                    }
                  ]
                },
                {
                  "id": "3",
                  "control": "checkbox2",
                  "complete": "false",
                  "visibilityRef": "id:0",
                  "visible": "true",
                  "text": "LOWER DISPLAY UNIT selector",
                  "event": "NORM",
                  "sim_params": [
                    {
                      "name": "MAIN_LowerDUSel_2",
                      "expected": 1
                    }
                  ]
                },
                {
                  "id": "4",
                  "control": "msgcheckbox2",
                  "complete": "false",
                  "manual" : "true",
                  "visibilityRef": "id:0",
                  "visible": "true",
                  "text": "DISENGAGE Light TEST switch",
                  "event": "HOLD TO 1",
                  "msg": [
                    "Verify A/P light is illuminated steady amber",
                    "Verify A/T light is illuminated steady amber",
                    "Verify FMC light is illuminated steady amber"
                  ]
                },
                {
                  "id": "5",
                  "control": "msgcheckbox2",
                  "complete": "false",
                  "manual" : "true",
                  "visibilityRef": "id:0",
                  "visible": "true",
                  "text": "DISENGAGE Light TEST switch",
                  "event": "HOLD TO 2",
                  "msg": [
                    "Verify A/P light is illuminated steady red",
                    "Verify A/T light is illuminated steady red",
                    "Verify FMC light is illuminated steady amber"
                  ]
                },
                {
                  "id": "6",
                  "control": "msg2",
                  "complete": "false",
                  "visibilityRef": "id:0",
                  "visible": "true",
                  "text": "",
                  "msg": [
                    "verify IRS alignment is complete before checking the flight instruments"
                  ],
                  "sim_params": [
                    {
                      "name": "IRS_aligned",
                      "expected": true
                    }
                  ]
                },
                {
                  "id": "7",
                  "control": "msg2",
                  "complete": "false",
                  "manual" : "true",
                  "visibilityRef": "id:0",
                  "visible": "true",
                  "text": "CheckVerify that the flight instrument indications are correct",
                  "msg": [
                    ""
                  ]
                },
                {
                  "id": "8",
                  "control": "msg2",
                  "complete": "false",
                  "manual" : "true",
                  "visibilityRef": "id:0",
                  "visible": "true",
                  "text": "Verify only the following flags are shown",
                  "msg": [
                    "TCAS OFF",
                    "NO VSPD until V-speeds are selected",
                    "Expected RMI flags"
                  ]
                },
                {
                  "id": "9",
                  "control": "msg2",
                  "complete": "false",
                  "manual" : "true",
                  "visibilityRef": "id:0",
                  "visible": "true",
                  "text": "Verify the flight mode annunciations are correct",
                  "msg": [
                    "Autothrottle mode is blank",
                    "Roll mode is blank",
                    "Pitch mode is blank",
                    "AFDS status is FD"
                  ]
                },
                {
                  "id": "10",
                  "control": "checkbox2",
                  "complete": "false",
                  "visibilityRef": "id:0",
                  "visible": "true",
                  "text": "FLAP INHIBIT switch",
                  "event": "GUARDED",
                  "sim_params": [
                    {
                      "name": "GPWS_FlapInhibitSw_NORM",
                      "expected": false
                    }
                  ]
                },
                {
                  "id": "11",
                  "control": "checkbox2",
                  "complete": "false",
                  "visibilityRef": "id:0",
                  "visible": "true",
                  "text": "GEAR INHIBIT switch",
                  "event": "GUARDED",
                  "sim_params": [
                    {
                      "name": "GPWS_GearInhibitSw_NORM",
                      "expected": false
                    }
                  ]
                },
                {
                  "id": "12",
                  "control": "msgcheckbox2",
                  "complete": "false",
                  "visibilityRef": "id:0",
                  "visible": "true",
                  "text": "TERRAIN INHIBIT",
                  "event": "GUARDED",
                  "msg": [ "Verify that the INOP light is OFF" ],
                  "sim_params": [
                    {
                      "name": "GPWS_TerrInhibitSw_NORM",
                      "expected": false
                    }
                  ]
                }
              ]
            },
            {
              "name": "LANDING GEAR PANEL",
              "id": "15",
              "item": [
                {
                  "id": "0",
                  "control": "msgcheckbox1",
                  "complete": "false",
                  "text": "LANDING GEAR lever",
                  "event": "DN",
                  "msg": [
                    "DNVerify that the green landing gear indicator lights are ON",
                    "Verify that the red landing gear indicator lights are OFF"
                  ],
                  "sim_params": [
                    {
                      "name": "MAIN_GearLever",
                      "expected": 2
                    },
                    {
                      "name": "ELEC_BatSelector",
                      "expected": 1
                    },
                    {
                      "name": "MAIN_annunGEAR_locked_1",
                      "expected": true
                    },
                    {
                      "name": "MAIN_annunGEAR_locked_2",
                      "expected": true
                    },
                    {
                      "name": "MAIN_annunGEAR_locked_3",
                      "expected": true
                    },
                    {
                      "name": "MAIN_annunGEAR_transit_1",
                      "expected": false
                    },
                    {
                      "name": "MAIN_annunGEAR_transit_2",
                      "expected": false
                    },
                    {
                      "name": "MAIN_annunGEAR_transit_3",
                      "expected": false
                    }
                  ]
                },
                {
                  "id": "1",
                  "control": "msgcheckbox1",
                  "complete": "false",
                  "text": "AUTO BRAKE select switch",
                  "event": "RTO",
                  "msg": [
                    "Verify that the AUTO BRAKE DISARM light is OFF",
                    "Verify ANTISKED INOP light is OFF"
                  ],
                  "sim_params": [
                    {
                      "name": "MAIN_AutobrakeSelector",
                      "expected": 0
                    },

                    {
                      "name": "MAIN_annunAUTO_BRAKE_DISARM",
                      "compare_test" : "sequence",
                      "expectedHistory" : [true,false]
                    },
                    {
                      "name": "MAIN_annunANTI_SKID_INOP",
                      "expected": false
                    }
                  ]
                }
              ]
            },
            {
              "name": "ENGINE DISPLAY CONTROL PANEL",
              "id": "16",
              "item": [
                {
                  "id": "0",
                  "control": "checkbox1",
                  "complete": "false",
                  "text": "Set N1 SET selector",
                  "event": "AUTO",
                  "sim_params": [
                    {
                      "name": "MAIN_N1SetSelector",
                      "expected": 2
                    }
                  ]
                },
                {
                  "id": "1",
                  "control": "checkbox1",
                  "complete": "false",
                  "text": "SPEED REFERENCE selector",
                  "event": "AUTO",
                  "sim_params": [
                    {
                      "name": "MAIN_SpdRefSelector",
                      "expected": 1
                    }
                  ]
                },
                {
                  "id": "2",
                  "control": "checkbox1",
                  "complete": "false",
                  "text": "FUEL FLOW switch",
                  "event": "RESET then RATE",
                  "sim_params": [
                    {
                      "name": "MAIN_FuelFlowSelector",
                      "compare_test" : "sequence",
                      "expectedHistory" : [0,1]
                    }
                  ]
                }
              ]
            },
            {
              "name": "ENGINE INSTRUMENTS PANEL",
              "id": "17",
              "item": [
                {
                  "id": "0",
                  "control": "msg1",
                  "complete": "false",
                  "manual" : "true",
                  "text": "",
                  "msg": [
                    "Verify primary and secondary engine indications show existing conditions",
                    "Verify that no exceedance is shown",
                    "Verify that the hydraulic quantity indications DO NOT show RF"
                  ]
                },
                {
                  "id": "1",
                  "control": "msgcheckbox1",
                  "complete": "false",
                  "manual" : "true",
                  "text": "MFD Cancel/Recall switch",
                  "event": "PUSH",
                  "msg": [ "Verify autoland status advisory messages are not shown" ],
                  "sim_params": [
                    {
                      "name": "WARN_annunFLT_CONT",
                      "expected": false
                    },
                    {
                      "name": "WARN_annunIRS",
                      "expected": false
                    },
                    {
                      "name": "WARN_annunFUEL",
                      "expected": false
                    },
                    {
                      "name": "WARN_annunELEC",
                      "expected": false
                    },
                    {
                      "name": "WARN_annunAPU",
                      "expected": false
                    },
                    {
                      "name": "WARN_annunOVHT_DET",
                      "expected": false
                    },
                    {
                      "name": "WARN_annunANTI_ICE",
                      "expected": false
                    },
                    {
                      "name": "WARN_annunHYD",
                      "expected": false
                    },
                    {
                      "name": "WARN_annunDOORS",
                      "expected": false
                    },
                    {
                      "name": "WARN_annunENG",
                      "expected": false
                    },
                    {
                      "name": "WARN_annunOVERHEAD",
                      "expected": false
                    },
                    {
                      "name": "WARN_annunAIR_COND",
                      "expected": false
                    }
                  ]
                }
              ]
            },
            {
              "name": "CARGO FIRE PANEL",
              "id": "18",
              "item": [
                {
                  "id": "0",
                  "control": "switch",
                  "state": "false",
                  "text": "TEST CARGO FIRE",
                  "msgVisible": "false",
                  "msg": ""
                },
                {
                  "id": "1",
                  "control": "checkbox2",
                  "complete": "false",
                  "manual" : "true",
                  "visibilityRef": "id:0",
                  "visible": "true",
                  "text": "DETECTOR SELECT switches",
                  "event": "NORM"
                },
                {
                  "id": "2",
                  "control": "msgcheckbox2",
                  "complete": "false",
                  "manual" : "true",
                  "visibilityRef": "id:0",
                  "visible": "true",
                  "text": "TEST switch",
                  "event": "PUSH",
                  "msg": [
                    "Verify that the fire warning bell sounds",
                    "Verify that the master FIRE WARN lights are ON"
                  ]
                },
                {
                  "id": "3",
                  "control": "msgcheckbox2",
                  "complete": "false",
                  "manual": "true",
                  "visibilityRef": "id:0",
                  "visible": "true",
                  "text": "Master FIRE WARN light",
                  "event": "PUSH",
                  "msg": [
                    "Verify master FIRE WARN lights are OFF",
                    "Verify fire warning bell cancels",
                    "Verify that the FWD and AFT lights stay ON",
                    "Verify that the FWD and AFT lights stays OFF",
                    "Verify that the green EXTINGUISHER test lights stay ON",
                    "Verify that the DISCH light stays ON"
                  ]
                }
              ]
            },
            {
              "name": "CENTER CONSOLE",
              "id": "19",
              "item": [
                {
                  "id": "0",
                  "control": "checkbox1",
                  "complete": "false",
                  "manual" : "true",
                  "text": "VHF COM radios",
                  "event": "SET"
                },
                {
                  "id": "1",
                  "control": "checkbox1",
                  "complete": "false",
                  "manual" : "true",
                  "text": "VHF NAV radios",
                  "event": "SET"
                },
                {
                  "id": "2",
                  "control": "checkbox1",
                  "complete": "false",
                  "manual" : "true",
                  "text": "AUDIO CONTROL PANEL",
                  "event": "SET"
                },
                {
                  "id": "3",
                  "control": "checkbox1",
                  "complete": "false",
                  "manual" : "true",
                  "text": "ADF radios",
                  "event": "SET"
                },
                {
                  "id": "4",
                  "control": "checkbox1",
                  "complete": "false",
                  "manual" : "true",
                  "text": "WEATHER RADAR",
                  "event": "SET"
                },
                {
                  "id": "5",
                  "control": "checkbox1",
                  "complete": "false",
                  "manual" : "true",
                  "text": "Transponder",
                  "event": "SET"
                },
                {
                  "id": "6",
                  "control": "checkbox1",
                  "complete": "false",
                  "text": "STABILIZER TRIM override switch",
                  "event": "GUARDED",
                  "sim_params": [
                    {
                      "name": "TRIM_StabTrimSw_NORMAL",
                      "expected": true
                    }
                  ]
                }
              ]
            }
          ]
        }
      ]
    }

  ]
}