{
  "aircraftType": "737 NGX",
  "procedureType": [
    {
      "name": "NORMAL",
      "id": "0",
      "procedure": [
        {
          "name": "Preliminary Preflight",
          "id": "0",
          "complete": "false",
          "section": [
            {
              "name": "",
              "id": "0",
              "item": [
                {
                  "id": "0",
                  "control": "msgcheckbox1",
                  "complete": "false",
                  "text": "IRS MODE SELECTORS",
                  "event": "OFF wait 30 sec, then NAV",
                  "msg": [
                    "Verify ON DC lights turn on then turn Off.",
                    "Verify ALIGN lights are on."
                  ],
                  "sim_params": [
                    {
                      "name": "IRS_ModeSelector_1",
                      "compare_test" : "sequence",
                      "expectedHistory" : [0,1,2]
                    },
                    {
                      "name": "IRS_ModeSelector_2",
                      "compare_test" : "sequence",
                      "expectedHistory" : [0,1,2]
                    }
                  ]
                },
                {
                  "id": "1",
                  "control": "msg1",
                  "complete": "false",
                  "text": "OXY & FLUID LEVELS",
                  "msg": [
                    "Verify OXYGEN is sufficient.",
                    "Verify OIL QTY is sufficient.",
                    "Verify HYD QYT is sufficient."
                  ],
                  "sim_params": [
                    {
                      "name": "OXY_Needle",
                      "expected": 120,
                      "compare_test" : "greaterThanOrEqual"
                    }
                  ]
                },
                {
                  "id": "2",
                  "control": "checkbox1",
                  "complete": "false",
                  "text": "PSEU Light",
                  "event": "OFF",
                  "sim_params": [
                    {
                      "name": "WARN_annunPSEU",
                      "expected": false
                    }
                  ]
                },
                {
                  "id": "3",
                  "control": "checkbox1",
                  "complete": "false",
                  "text": "GPS Light",
                  "event": "OFF",
                  "sim_params": [
                    {
                      "name": "WARN_annunPSEU",
                      "expected": false
                    }
                  ]
                },
                {
                  "id": "4",
                  "control": "msgcheckbox1",
                  "complete": "false",
                  "text": "ENGINE PANEL",
                  "event": "SET",
                  "msg": [
                    "Verify REVERSER lights are off.",
                    "Verify ENGINE CONTROL lights are off.",
                    "EEC switches - ON"
                  ],
                  "sim_params": [
                    {
                      "name": "ENG_annunREVERSER_1",
                      "expected": false
                    },
                    {
                      "name": "ENG_annunREVERSER_2",
                      "expected": false
                    },
                    {
                      "name": "ENG_annunENGINE_CONTROL_1",
                      "expected":false
                    },
                    {
                      "name": "ENG_annunENGINE_CONTROL_2",
                      "expected": false
                    },
                    {
                      "name": "ENG_EECSwitch_1",
                      "expected": true
                    },
                    {
                      "name": "ENG_EECSwitch_2",
                      "expected": true
                    }
                  ]
                },
                {
                  "id": "5",
                  "control": "msgcheckbox1",
                  "complete": "false",
                  "text": "OXYGEN PANEL",
                  "event": "SET",
                  "msg": [
                    "PASSENGER OXYGEN switch - Guard closed",
                    "Verify PASS OXY ON light is off."
                  ],
                  "sim_params": [
                    {
                      "name": "OXY_SwNormal",
                      "expected": true
                    },
                    {
                      "name": "OXY_annunPASS_OXY_ON",
                      "expected": false
                    }
                  ]
                },
                {
                  "id": "6",
                  "control": "checkbox1",
                  "complete": "false",
                  "text": "LANDING GEAR Lights",
                  "event": "ON",
                  "sim_params": [
                    {
                      "name": "GEAR_annunOvhdLEFT",
                      "expected": true
                    },
                    {
                      "name": "GEAR_annunOvhdNOSE",
                      "expected": true
                    },
                    {
                      "name": "GEAR_annunOvhdRIGHT",
                      "expected": true
                    }
                  ]
                },
                {
                  "id": "7",
                  "control": "checkbox1",
                  "complete": "false",
                  "text": "FLIGHT RECORDER SWITCH",
                  "event": "GUARD CLOSED",
                  "sim_params": [
                    {
                      "name": "FLTREC_SwNormal",
                      "expected": true
                    }
                  ]
                },
                {
                  "id": "8",
                  "control": "checkbox1",
                  "complete": "false",
                  "text": "PARKING BRAKE",
                  "event": "AS REQUIRED",
                  "sim_params": [
                    {
                      "name": "PED_annunParkingBrake",
                      "expected": true
                    }
                  ]
                },
                {
                  "id": "9",
                  "control": "checkbox1",
                  "complete": "false",
                  "manual" : "true",
                  "text": "ATIS COPY",
                  "event": " "
                }
              ]
            }
          ]
        }
      ]
    }
  ]
}