{
  "aircraftType": "737 NGX",
  "procedureType": [{
    "name": "NORMAL",
    "id": "0",
    "procedure": [{
      "name": "Shutdown",
      "id": "17",
      "complete": "false",
      "section": [
        {
        "name": "",
        "id": "0",
        "item": [{
          "id": "0",
          "control": "msgcheckbox1",
          "complete": "false",
          "text": "Parking Brake",
          "event": "SET",
          "msg": [
            "Verify that the parking brake warning light is ON"
          ],
          "sim_params": [{
            "name": "PED_annunParkingBrake",
            "expected": true
          }]
        },
          {
            "id": "1",
            "control": "checkbox1",
            "complete": "false",
            "text": "Electrical Power",
            "event": "SET",
            "manual": "true"
          },
          {
            "id": "2",
            "control": "checkbox1",
            "complete": "false",
            "text": "Engine start levers",
            "event": "OFF",
            "sim_params": [{
              "name": "ENG_StartValve_1",
              "expected": false
            },
              {
                "name": "ENG_StartValve_2",
                "expected": false
              }
            ]
          },
          {
            "id": "3",
            "control": "checkbox1",
            "complete": "false",
            "text": "FASTEN BELTS switch",
            "event": "OFF",
            "sim_params": [{
              "name": "COMM_FastenBeltsSelector",
              "expected": 0
            }]
          },
          {
            "id": "4",
            "control": "checkbox1",
            "complete": "false",
            "text": "ANTI–COLLISION light switch ",
            "event": "OFF",
            "sim_params": [{
              "name": "LTS_AntiCollisionSw",
              "expected": false
            }]
          },
          {
            "id": "5",
            "control": "checkbox1",
            "complete": "false",
            "text": "FUEL PUMP switches",
            "event": "OFF",
            "sim_params": [{
              "name": "FUEL_PumpFwdSw_1",
              "expected": false
            },
              {
                "name": "FUEL_PumpFwdSw_2",
                "expected": false
              },
              {
                "name": "FUEL_PumpAftSw_1",
                "expected": false
              },
              {
                "name": "FUEL_PumpAftSw_2",
                "expected": false
              },
              {
                "name": "FUEL_PumpCtrSw_1",
                "expected": false
              },
              {
                "name": "FUEL_PumpCtrSw_2",
                "expected": false
              }
            ]
          },
          {
            "id": "6",
            "control": "checkbox1",
            "complete": "false",
            "text": "CAB/UTIL power switch ",
            "event": "OFF",
            "sim_params": [{
              "name": "ELEC_CabUtilSw",
              "expected": false
            }]
          },
          {
            "id": "7",
            "control": "checkbox1",
            "complete": "false",
            "text": "IFE/PASS SEAT power switch",
            "event": "OFF",
            "sim_params": [{
              "name": "ELEC_IFEPassSeatSw",
              "expected": false
            }]
          },
          {
            "id": "8",
            "control": "checkbox1",
            "complete": "false",
            "text": "WING ANTI–ICE switch",
            "event": "OFF",
            "sim_params": [{
              "name": "ICE_WingAntiIceSw",
              "expected": false
            },
              {
                "name": "ICE_annunVALVE_OPEN_1",
                "expected": false
              },
              {
                "name": "ICE_annunVALVE_OPEN_2",
                "expected": false
              }
            ]
          },
          {
            "id": "9",
            "control": "checkbox1",
            "complete": "false",
            "text": "ENGINE ANTI–ICE switches",
            "event": "OFF",
            "sim_params": [{
              "name": "ICE_EngAntiIceSw_1",
              "expected": false
            },
              {
                "name": "ICE_EngAntiIceSw_2",
                "expected": false
              },
              {
                "name": "ICE_annunCOWL_ANTI_ICE_1",
                "expected": false
              },
              {
                "name": "ICE_annunCOWL_ANTI_ICE_2",
                "expected": false
              },
              {
                "name": "ICE_annunCOWL_VALVE_OPEN_1",
                "expected": false
              },
              {
                "name": "ICE_annunCOWL_VALVE_OPEN_2",
                "expected": false
              }
            ]
          },
          {
            "id": "10",
            "control": "checkbox1",
            "complete": "false",
            "text": "ENGINE HYDRAULIC PUMPS switches",
            "event": "ON",
            "sim_params": [{
              "name": "HYD_PumpSw_eng_1",
              "expected": true
            },
              {
                "name": "HYD_PumpSw_eng_2",
                "expected": true
              }
            ]
          },
          {
            "id": "11",
            "control": "checkbox1",
            "complete": "false",
            "text": "ELECTRIC HYDRAULIC PUMPS switches ",
            "event": "OFF",
            "sim_params": [{
              "name": "HYD_PumpSw_elec_1",
              "expected": false
            },
              {
                "name": "HYD_PumpSw_elec_2",
                "expected": false
              }
            ]
          },
          {
            "id": "12",
            "control": "checkbox1",
            "complete": "false",
            "text": "RECIRCULATION FAN switches",
            "event": "AUTO",
            "sim_params": [
              {
                "name": "AIR_RecircFanSwitch_1",
                "expected": true
              },
              {
                "name": "AIR_RecircFanSwitch_2",
                "expected": true
              }
            ]
          },
          {
            "id": "13",
            "control": "checkbox1",
            "complete": "false",
            "manual": "true",
            "text": "AIR CONDITIONING PACKS switches",
            "event": "AS NEEDED"
          },
          {
            "id": "14",
            "control": "checkbox1",
            "complete": "false",
            "text": "ISOLATION VALVE switch",
            "event": "OPEN",
            "sim_params": [
              {
                "name": "AIR_IsolationValveSwitch",
                "expected": 2
              }
            ]
          },
          {
            "id": "15",
            "control": "checkbox1",
            "complete": "false",
            "text": "Engine BLEED air switches",
            "event": "ON",
            "sim_params": [
              {
                "name": "AIR_BleedAirSwitch_1",
                "expected": true
              },
              {
                "name": "AIR_BleedAirSwitch_2",
                "expected": true
              }
            ]
          },
          {
            "id": "16",
            "control": "checkbox1",
            "complete": "false",
            "text": "APU BLEED air switch",
            "event": "ON",
            "sim_params": [
              {
                "name": "AIR_APUBleedAirSwitch",
                "expected": true
              }
            ]
          },
          {
            "id": "17",
            "control": "checkbox1",
            "complete": "false",
            "text": "FLIGHT DIRECTOR switch",
            "event": "OFF",
            "sim_params": [
              {
                "name": "MCP_FDSw_1",
                "expected": false
              },
              {
                "name": "MCP_FDSw_2",
                "expected": false
              }
            ]
          },
          {
            "id": "18",
            "control": "checkbox1",
            "complete": "false",
            "text": "Transponder",
            "event": "STBY",
            "sim_params": [
              {
                "name": "XPDR_ModeSel",
                "expected": 0
              }
            ]
          },
          {
            "id": "19",
            "control": "checkbox1",
            "complete": "false",
            "text": "After Wheel Chocks,  PARKING BRAKE",
            "event": "SET",
            "sim_params": [
              {
                "name": "PED_annunParkingBrake",
                "expected": true
              }
            ]
          },
          {
            "id": "20",
            "control": "checkbox1",
            "complete": "false",
            "manual": "true",
            "text": "APU Switch",
            "event": "AS NEEDED"
          },
          {
            "id": "21",
            "control": "navigation",
            "complete": "false",
            "visibilityRef": "id:21",
            "visible": "true",
            "text": "SHUTDOWN CHECKLIST",
            "destinationType": "checklist",
            "destinationTypeName": "NORMAL",
            "destinationName": "SHUTDOWN"
          }
        ]
      }
      ]
    }]
  }]
}