{
  "aircraftType": "737 NGX",
  "procedureType": [
    {
      "name": "NORMAL",
      "id": "0",
      "procedure": [
       {
          "name": "Secure",
          "id": "18",
          "complete": "false",
          "section": [
            {
              "name": "",
              "id": "0",
              "item": [
                {
                  "id": "0",
                  "control": "checkbox1",
                  "complete": "false",
                  "text": "IRS MODE SELECTORS",
                  "event": "OFF",
                  "sim_params": [
                    {
                      "name": "IRS_ModeSelector_1",
                      "expected": 0
                    },
                    {
                      "name": "IRS_ModeSelector_2",
                      "expected": 0
                    }
                  ]
                },
                {
                  "id": "1",
                  "control": "checkbox1",
                  "complete": "false",
                  "text": "EMERGENCY EXIT LIGHTS switch",
                  "event": "OFF",
                  "sim_params": [
                    {
                      "name": "LTS_EmerExitSelector",
                      "expected": 0
                    }
                  ]
                },
                {
                  "id": "2",
                  "control": "checkbox1",
                  "complete": "false",
                  "text": "WINDOW HEAT switches",
                  "event": "OFF",
                  "sim_params": [
                    {
                      "name": "ICE_WindowHeatSw_1",
                      "expected": false
                    },
                    {
                      "name": "ICE_WindowHeatSw_2",
                      "expected": false
                    },
                    {
                      "name": "ICE_WindowHeatSw_3",
                      "expected": false
                    },
                    {
                      "name": "ICE_WindowHeatSw_4",
                      "expected": false
                    }
                  ]
                },
                {
                  "id": "3",
                  "control": "checkbox1",
                  "complete": "false",
                  "text": "AIR CONDITIONING PACKS switches",
                  "event": "OFF",
                  "sim_params": [
                    {
                      "name": "AIR_PackSwitch_1",
                      "expected": 0
                    },
                    {
                      "name": "AIR_PackSwitch_2",
                      "expected": 0
                    }
                  ]
                },
                {
                  "id": "4",
                  "control": "navigation",
                  "complete": "false",
                  "visibilityRef": "id:4",
                  "visible": "true",
                  "text": "SECURE CHECKLIST",
                  "destinationType": "checklist",
                  "destinationTypeName": "NORMAL",
                  "destinationName": "SECURE"
                }
              ]
            }
          ]
        }
      ]
    }

  ]
}