{
  "aircraftType": "737 NGX",
  "procedureType": [
    {
      "name": "NORMAL",
      "id": "0",
      "procedure": [
        {
          "name": "Takeoff",
          "id": "9",
          "complete": "false",
          "section": [
            {
              "name": "",
              "id": "0",
              "item": [
                {
                  "id": "0",
                  "control": "checkbox1",
                  "complete": "false",
                  "text": "Entering runway, set the STROBE light switch",
                  "event": "ON",
                  "sim_params": [
                    {
                      "name": "LTS_PositionSw",
                      "expected": 2
                    }
                  ]
                },
                {
                  "id": "1",
                  "control": "checkbox1",
                  "complete": "false",
                  "text": "Cleared for takeoff, set FIXED LANDING light switches",
                  "event": "ON",
                  "sim_params": [
                    {
                      "name": "LTS_LandingLtFixedSw_1",
                      "expected": true
                    },
                    {
                      "name": "LTS_LandingLtFixedSw_2",
                      "expected": true
                    }
                  ]
                },
                {
                  "id": "2",
                  "control": "checkbox1",
                  "complete": "false",
                  "text": "Set transponder mode selector",
                  "event": "TA/RA",
                  "sim_params": [
                    {
                      "name": "XPDR_ModeSel",
                      "expected": 4
                    }
                  ]
                },
                {
                  "id": "3",
                  "control": "msgcheckbox1",
                  "complete": "false",
                  "manual" : "true",
                  "text": "Verify brakes",
                  "event": "RELEASED",
                  "msg": [
                    "Align airplane with the runway."
                  ]
                },
                {
                  "id": "4",
                  "control": "msgcheckbox1",
                  "complete": "false",
                  "manual" : "true",
                  "text": "advance the thrust levers",
                  "event": "40%   N1  ",
                  "msg": [
                    "Allow the engines to stabilize."
                  ]
                },
                {
                  "id": "5",
                  "control": "msgcheckbox1",
                  "complete": "false",
                  "manual" : "true",
                  "text": "TO/GA switch",
                  "event": "PUSH",
                  "msg": [
                    "Verify takeoff thrust is set.",
                    "Adjust takeoff thrust before 60 knots as needed.",
                    "After takeoff thrust is set, the captain’s hand must be on the thrust levers until V1.",
                    "Monitor airspeed.",
                    "Maintain light forward pressure on the control column.",
                    "Verify 80 knots and call CHECK.",
                    "Verify V1 speed."
                  ]
                },
                {
                  "id": "6",
                  "control": "msgcheckbox1",
                  "complete": "false",
                  "manual" : "true",
                  "text": "VR",
                  "event": "Rotate  15\u00B0  ",
                  "msg": [
                    "After liftoff, follow F/D commands."
                  ]
                },
                {
                  "id": "7",
                  "control": "checkbox1",
                  "complete": "false",
                  "manual" : "true",
                  "text": "Verify positive rate of climb on the altimeter",
                  "event": "GEAR UP"
                },
                {
                  "id": "8",
                  "control": "checkbox1",
                  "complete": "false",
                  "manual" : "true",
                  "text": "Above 400 feet radio altitude",
                  "event": "ROLL mode aa needed"
                },
                {
                  "id": "9",
                  "control": "msgcheckbox1",
                  "complete": "false",
                  "manual" : "true",
                  "text": "At thrust reduction height",
                  "event": "Verify Climb Thrust",
                  "msg": [
                    "Verify acceleration at the acceleration height.",
                    "Call ''FLAPS __'' according to the flap retraction schedule."
                  ]
                },
                {
                  "id": "10",
                  "control": "msgcheckbox1",
                  "complete": "false",
                  "manual" : "true",
                  "text": "FLAP RETRACTION",
                  "event": "START",
                  "msg": [
                    ""
                  ]
                },

                {
                  "id": "11",
                  "control": "checkbox1",
                  "complete": "false",
                  "manual" : "true",
                  "text": "ABOVE 400 FT.",
                  "event": "ENGAGE AUTOPILOT"
                },
                {
                  "id": "12",
                  "control": "checkbox1",
                  "complete": "false",
                  "manual" : "true",
                  "text": "AFTER FLAP RETRACTION",
                  "event": " "
                },
                {
                  "id": "13",
                  "control": "checkbox1",
                  "complete": "false",
                  "text": "Engine bleeds and air conditioning packs are operating",
                  "event": "SET/VERIFY",
                  "sim_params": [
                    {
                      "name": "AIR_PackSwitch_1",
                      "expected": 1
                    },
                    {
                      "name": "AIR_PackSwitch_2",
                      "expected": 1
                    },
                    {
                      "name": "AIR_IsolationValveSwitch",
                      "expected": 1
                    },
                    {
                      "name": "AIR_BleedAirSwitch_1",
                      "expected": true
                    },
                    {
                      "name": "AIR_BleedAirSwitch_2",
                      "expected": true
                    },
                    {
                      "name": "AIR_annunPackTripOff_1",
                      "expected": false
                    },
                    {
                      "name": "AIR_annunPackTripOff_2",
                      "expected": false
                    },
                    {
                      "name": "AIR_annunWingBodyOverheat_1",
                      "expected": false
                    },
                    {
                      "name": "AIR_annunWingBodyOverheat_2",
                      "expected": false
                    },
                    {
                      "name": "AIR_annunBleedTripOff_1",
                      "expected": false
                    },
                    {
                      "name": "AIR_annunBleedTripOff_2",
                      "expected": false
                    }
                  ]
                },
                {
                  "id": "14",
                  "control": "checkbox1",
                  "complete": "false",
                  "text": "Set AUTO BRAKE select switch",
                  "event": "OFF",
                  "sim_params": [
                    {
                    "name": "MAIN_AutobrakeSelector",
                    "expected": 1
                    }
                  ]
                },
                {
                  "id": "15",
                  "control": "checkbox1",
                  "complete": "false",
                  "text": "Set landing gear lever",
                  "event": "OFF",
                  "sim_params": [
                    {
                      "name": "MAIN_GearLever",
                      "expected": 1
                    }
                  ]
                },
                {
                  "id": "16",
                  "control": "checkbox1",
                  "complete": "false",
                  "text": "ENGINE START switches",
                  "event": "OFF",
                  "sim_params": [{
                    "name": "ENG_StartSelector_1",
                    "expected": 1
                  },
                    {
                      "name": "ENG_StartSelector_2",
                      "expected": 1
                    }
                  ]
                },
                {
                  "id": "17",
                  "control": "navigation",
                  "complete": "false",
                  "visibilityRef": "id:17",
                  "visible": "true",
                  "text": "AFTER TAKEOFF CHECKLIST",
                  "destinationType": "checklist",
                  "destinationTypeName": "NORMAL",
                  "destinationName": "AFTER TAKEOFF"
                }
              ]
            }
          ]
        }
      ]
    }

  ]
}