﻿{
  "aircraftType": "737 NGX",
  "type": "NORMAL",
  "checklist": [
    {
      "name": "PREFLIGHT",
      "index": "0",
      "item": [
        {
          "id": "0",
          "complete": "false",
          "text": "Oxygen",
          "response": "TESTED, 100%"
        },
        {
          "id": "1",
          "complete": "false",
          "text": "Navigation Transfer and Display Switches",
          "response": "NORMAL, AUTO"
        },
        {
          "id": "2",
          "complete": "false",
          "text": "Window Heat",
          "response": "ON"
        },
        {
          "id": "3",
          "complete": "false",
          "text": "Flight Instruments",
          "response": "HEADING___, ALTIMETER___"
        },
        {
          "id": "4",
          "complete": "false",
          "text": "Parking Brake",
          "response": "SET"
        },
        {
          "id": "5",
          "complete": "false",
          "text": "Engine Start Levers",
          "response": "CUTOFF"
        }
      ]
    },
    {
      "name": "BEFORE START",
      "index": "1",
      "item": [
        {
          "id": "0",
          "complete": "false",
          "text": "Flight deck door",
          "response": "CLOSED AND LOCKED"
        },
        {
          "id": "1",
          "complete": "false",
          "text": "Fuel",
          "response": "___ LBS/KGS, PUMPS ON"
        },
        {
          "id": "2",
          "complete": "false",
          "text": "Passenger Signs",
          "response": "ON"
        },
        {
          "id": "3",
          "complete": "false",
          "text": "Windows",
          "response": "LOCKED"
        },
        {
          "id": "4",
          "complete": "false",
          "text": "MCP",
          "response": "V2___, HEADING___, ALTITUDE___"
        },
        {
          "id": "5",
          "complete": "false",
          "text": "Takeoff Speeds",
          "response": "V1___, VR___, V2___"
        },
        {
          "id": "6",
          "complete": "false",
          "text": "CDU Preflight",
          "response": "COMPLETED"
        },
        {
          "id": "7",
          "complete": "false",
          "text": "Rudder and aileron trim",
          "response": "FREE AND ZERO"
        },
        {
          "id": "8",
          "complete": "false",
          "text": "Taxi and Takeoff Briefing",
          "response": "COMPLETED"
        },
        {
          "id": "9",
          "complete": "false",
          "text": "Anti collision light",
          "response": "ON"
        }
      ]
    },
    {
      "name": "BEFORE TAXI",
      "index": "2",
      "item": [
        {
          "id": "0",
          "complete": "false",
          "text": "Generators",
          "response": "ON"
        },
        {
          "id": "1",
          "complete": "false",
          "text": "Probe Heat",
          "response": "ON"
        },
        {
          "id": "2",
          "complete": "false",
          "text": "Anti-ice",
          "response": "___"
        },
        {
          "id": "3",
          "complete": "false",
          "text": "Isolation valve",
          "response": "AUTO"
        },
        {
          "id": "4",
          "complete": "false",
          "text": "Engine start switches",
          "response": "CONT"
        },
        {
          "id": "5",
          "complete": "false",
          "text": "Recall",
          "response": "CHECKED"
        },
        {
          "id": "6",
          "complete": "false",
          "text": "Autobrake",
          "response": "RTO"
        },
        {
          "id": "7",
          "complete": "false",
          "text": "Engine start levers",
          "response": "IDLE DETENT"
        },
        {
          "id": "8",
          "complete": "false",
          "text": "Flight controls",
          "response": "CHECKED"
        },
        {
          "id": "9",
          "complete": "false",
          "text": "Ground equipment",
          "response": "CLEAR"
        }
      ]
    },
    {
      "name": "BEFORE TAKEOFF",
      "index": "3",
      "item": [
        {
          "id": "0",
          "complete": "false",
          "text": "Flaps",
          "response": "3, GREEN LIGHT"
        },
        {
          "id": "1",
          "complete": "false",
          "text": "Stabilizer trim",
          "response": "___ UNITS"
        }
      ]
    },
    {
      "name": "AFTER TAKEOFF",
      "index": "4",
      "item": [
        {
          "id": "0",
          "complete": "false",
          "text": "Engine bleeds",
          "response": "ON"
        },
        {
          "id": "1",
          "complete": "false",
          "text": "Packs",
          "response": "AUTO"
        },
        {
          "id": "2",
          "complete": "false",
          "text": "Landing gear",
          "response": "UP and OFF"
        },
        {
          "id": "3",
          "complete": "false",
          "text": "Flaps",
          "response": "UP, NO LIGHTS"
        }
      ]
    },
    {
      "name": "DESCENT",
      "index": "5",
      "item": [
        {
          "id": "0",
          "complete": "false",
          "text": "Pressurization",
          "response": "LAND ALT ___"
        },
        {
          "id": "1",
          "complete": "false",
          "text": "Recall",
          "response": "CHECKED"
        },
        {
          "id": "2",
          "complete": "false",
          "text": "Autobrake",
          "response": "____"
        },
        {
          "id": "3",
          "complete": "false",
          "text": "Landing Data",
          "response": "VREF___, MINIMUMS___"
        },
        {
          "id": "4",
          "complete": "false",
          "text": "Approach briefing",
          "response": "COMPLETED"
        }
      ]
    },
    {
      "name": "APPROACH",
      "index": "6",
      "item":[
        {
        "id": "0",
        "complete": "false",
        "text": "Altimeters",
        "response": "____"
        }
      ]
    },
    {
      "name": "LANDING",
      "index": "7",
      "item": [
        {
          "id": "0",
          "complete": "false",
          "text": "Engine start switches",
          "response": "CONT"
        },
        {
          "id": "1",
          "complete": "false",
          "text": "Speedbrake",
          "response": "ARMED"
        },
        {
          "id": "2",
          "complete": "false",
          "text": "Landing gear",
          "response": "DOWN"
        },
        {
          "id": "3",
          "complete": "false",
          "text": "Flaps",
          "response": "___, GREEN LIGHT"
        }
      ]
    },
    {
      "name": "SHUTDOWN",
      "index": "8",
      "item": [
        {
          "id": "0",
          "complete": "false",
          "text": "Fuel Pumps",
          "response": "OFF"
        },
        {
          "id": "1",
          "complete": "false",
          "text": "Probe Heat",
          "response": "OFF"
        },
        {
          "id": "2",
          "complete": "false",
          "text": "Hydraulic panel",
          "response": "SET"
        },
        {
          "id": "3",
          "complete": "false",
          "text": "Parking brake",
          "response": "___"
        },
        {
          "id": "4",
          "complete": "false",
          "text": "Engine start levers",
          "response": "CUTOFF"
        },
        {
          "id": "5",
          "complete": "false",
          "text": "Weather radar",
          "response": "OFF"
        }
      ]
    },
    {
      "name": "SECURE",
      "index": "9",
      "item": [
        {
          "id": "0",
          "complete": "false",
          "text": "IRSs",
          "response": "OFF"
        },
        {
          "id": "1",
          "complete": "false",
          "text": "Emergency exit lights",
          "response": "OFF"
        },
        {
          "id": "2",
          "complete": "false",
          "text": "Window heat",
          "response": "OFF"
        },
        {
          "id": "3",
          "complete": "false",
          "text": "Packs",
          "response": "OFF"
        }
      ]
    }
  ]
}