{
  "aircraftType": "737 NGX",
  "flowType": [
    {
      "name": "DEPARTURE",
      "id": "0",
      "flow": [
        {
          "id": "0",
          "control": "switch",
          "state": "false",
          "text": "ELECTRICAL POWER UP REQUIRED",
          "msgVisible": "false",
          "msg": ""
        },
        {
          "id": "1",
          "control": "navigation2",
          "complete": "false",
          "visibilityRef": "id:0",
          "visible": "true",
          "text": "ELECTRICAL POWWER-UP",
          "destinationType": "procedure",
          "destinationTypeName": "SUPPLEMENTARY",
          "destinationName": "Electrical Power-Up"
        },
        {
          "id": "2",
          "control": "navigation1",
          "complete": "false",
          "text": "PRELIMINARY PRE-FLIGHT",
          "destinationType": "procedure",
          "destinationTypeName": "NORMAL",
          "destinationName": "Preliminary Preflight"
        },
        {
          "id": "3",
          "control": "navigation1",
          "complete": "false",
          "text": "CDU PRE-FLIGHT",
          "destinationType": "procedure",
          "destinationTypeName": "NORMAL",
          "destinationName": "CDU Preflight"
        },
        {
          "id": "4",
          "control": "navigation1",
          "complete": "false",
          "text": "PRE-FLIGHT FIRST OFFICER",
          "destinationType": "procedure",
          "destinationTypeName": "NORMAL",
          "destinationName": "Preflight First Officer's"
        },
        {
          "id": "5",
          "control": "navigation1",
          "complete": "false",
          "text": "PRE-FLIGHT CAPTAIN",
          "destinationType": "procedure",
          "destinationTypeName": "NORMAL",
          "destinationName": "Preflight Captain's"
        },
        {
          "id": "6",
          "control": "navigation1",
          "complete": "false",
          "text": "PRE-FLIGHT CHECKLIST",
          "destinationType": "checklist",
          "destinationTypeName": "NORMAL",
          "destinationName": "PREFLIGHT"
        },
        {
          "id": "7",
          "control": "navigation1",
          "complete": "false",
          "text": "BEFORE START",
          "destinationType": "procedure",
          "destinationTypeName": "NORMAL",
          "destinationName": "Before Start"
        },
        {
        "id": "8",
        "control": "navigation1",
        "complete": "false",
        "text": "BEFORE START CHECKLIST",
        "destinationType": "checklist",
        "destinationTypeName": "NORMAL",
        "destinationName": "BEFORE START"
        },
        {
          "id": "9",
          "control": "navigation1",
          "complete": "false",
          "text": "PUSHBACK",
          "destinationType": "procedure",
          "destinationTypeName": "NORMAL",
          "destinationName": "PushBack"
        },
        {
          "id": "10",
          "control": "navigation1",
          "complete": "false",
          "text": "ENGINE START",
          "destinationType": "procedure",
          "destinationTypeName": "NORMAL",
          "destinationName": "Engine Start"
        },
        {
          "id": "11",
          "control": "navigation1",
          "complete": "false",
          "text": "BEFORE TAXI",
          "destinationType": "procedure",
          "destinationTypeName": "NORMAL",
          "destinationName": "Before Taxi"
        },
        {
          "id": "12",
          "control": "navigation1",
          "complete": "false",
          "text": "BEFORE TAXI CHECKLIST",
          "destinationType": "checklist",
          "destinationTypeName": "NORMAL",
          "destinationName": "BEFORE TAXI"
        },

        {
          "id": "13",
          "control": "navigation1",
          "complete": "false",
          "text": "BEFORE TAKEOFF",
          "destinationType": "procedure",
          "destinationTypeName": "NORMAL",
          "destinationName": "Before Takeoff Procedure"
        },
        {
          "id": "14",
          "control": "navigation1",
          "complete": "false",
          "text": "BEFORE TAKEOFF CHECKLIST",
          "destinationType": "checklist",
          "destinationTypeName": "NORMAL",
          "destinationName": "BEFORE TAKEOFF"
        },
        {
          "id": "15",
          "control": "navigation1",
          "complete": "false",
          "text": "TAKEOFF",
          "destinationType": "procedure",
          "destinationTypeName": "NORMAL",
          "destinationName": "Takeoff"
        },
        {
          "id": "16",
          "control": "navigation1",
          "complete": "false",
          "text": "AFTER TAKEOFF CHECKLIST",
          "destinationType": "checklist",
          "destinationTypeName": "NORMAL",
          "destinationName": "AFTER TAKEOFF"
        }
      ]
    },
    {
      "name": "ENROUTE",
      "id": "1",
      "flow": [
        {
          "id": "0",
          "control": "navigation1",
          "complete": "false",
          "text": "CLIMB and CRUISE",
          "destinationType": "procedure",
          "destinationTypeName": "NORMAL",
          "destinationName": "Climb and Cruise"
        },
        {
          "id": "1",
          "control": "navigation1",
          "complete": "false",
          "text": "DECENT",
          "destinationType": "procedure",
          "destinationTypeName": "NORMAL",
          "destinationName": "Descent"
        },
        {
          "id": "2",
          "control": "navigation1",
          "complete": "false",
          "text": "DECENT CHECKLIST",
          "destinationType": "checklist",
          "destinationTypeName": "NORMAL",
          "destinationName": "DESCENT"
        }
      ]
    },
    {
      "name": "ARRIVAL",
      "id": "2",
      "flow": [
        {
          "id": "0",
          "control": "navigation1",
          "complete": "false",
          "text": "APPROACH",
          "destinationType": "procedure",
          "destinationTypeName": "NORMAL",
          "destinationName": "Approach"
        },
        {
          "id": "1",
          "control": "navigation1",
          "complete": "false",
          "text": "APPROACH CHECKLIST",
          "destinationType": "checklist",
          "destinationTypeName": "NORMAL",
          "destinationName": "APPROACH"
        },
        {
          "id": "2",
          "control": "navigation1",
          "complete": "false",
          "text": "LANDING",
          "destinationType": "procedure",
          "destinationTypeName": "NORMAL",
          "destinationName": "Landing"
        },
        {
        "id": "3",
        "control": "navigation1",
        "complete": "false",
        "text": "LANDING CHECKLIST",
        "destinationType": "checklist",
        "destinationTypeName": "NORMAL",
        "destinationName": "LANDING"
        },

        {
          "id": "4",
          "control": "switch",
          "state": "false",
          "text": "MISSED APPROACH REQUIRED",
          "msgVisible": "false",
          "msg": ""
        },
        {
          "id": "5",
          "control": "navigation2",
          "complete": "false",
          "visibilityRef": "id:4",
          "visible": "true",
          "text": "GO-AROUND and MISSED APPROACH",
          "destinationType": "procedure",
          "destinationTypeName": "NORMAL",
          "destinationName": "Go-Around and Missed Approach"
        },

        {
          "id": "6",
          "control": "navigation1",
          "complete": "false",
          "text": "LANDING ROLL",
          "destinationType": "procedure",
          "destinationTypeName": "NORMAL",
          "destinationName": "Landing Roll"
        },
        {
          "id": "7",
          "control": "navigation1",
          "complete": "false",
          "text": "AFTER LANDING",
          "destinationType": "procedure",
          "destinationTypeName": "NORMAL",
          "destinationName": "After Landing"
        },
        {
          "id": "8",
          "control": "navigation1",
          "complete": "false",

          "text": "SHUTDOWN",
          "destinationType": "procedure",
          "destinationTypeName": "NORMAL",
          "destinationName": "Shutdown"
        },
        {
          "id": "9",
          "control": "navigation1",
          "complete": "false",
          "text": "SHUTDOWN CHECKLIST",
          "destinationType": "checklist",
          "destinationTypeName": "NORMAL",
          "destinationName": "SHUTDOWN"
        },
        {
          "id": "10",
          "control": "navigation1",
          "complete": "false",
          "text": "SECURE",
          "destinationType": "procedure",
          "destinationTypeName": "NORMAL",
          "destinationName": "Secure"
        },
        {
          "id": "11",
          "control": "navigation1",
          "complete": "false",
          "text": "SECURE CHECKLIST",
          "destinationType": "checklist",
          "destinationTypeName": "NORMAL",
          "destinationName": "SECURE"
        }
      ]
    }
  ]
}